code,x0,depth,norm_rank,subtree_size
A,7.2347493,1.0,0.2,865.0
A01,45.41259,2.0,0.4,47.0
A01A,45.477226,3.0,0.6,46.0
A01AA,43.15672,4.0,0.8,6.0
A01AA01,42.423607,5.0,1.0,0.0
A01AA02,43.562317,5.0,1.0,0.0
A01AA03,42.52842,5.0,1.0,0.0
A01AA04,43.593426,5.0,1.0,0.0
A01AA30,42.42582,5.0,1.0,0.0
A01AA51,42.55309,5.0,1.0,0.0
A01AB,47.529503,4.0,0.8,24.0
A01AB02,46.507652,5.0,1.0,0.0
A01AB03,46.694386,5.0,1.0,0.0
A01AB04,46.190018,5.0,1.0,0.0
A01AB05,48.608772,5.0,1.0,0.0
A01AB06,47.345535,5.0,1.0,0.0
A01AB07,45.794544,5.0,1.0,0.0
A01AB08,45.898655,5.0,1.0,0.0
A01AB09,44.226162,5.0,1.0,0.0
A01AB10,46.441723,5.0,1.0,0.0
A01AB11,45.59648,5.0,1.0,0.0
A01AB12,46.032967,5.0,1.0,0.0
A01AB13,44.909595,5.0,1.0,0.0
A01AB14,48.938572,5.0,1.0,0.0
A01AB15,45.168617,5.0,1.0,0.0
A01AB16,48.465958,5.0,1.0,0.0
A01AB17,42.66533,5.0,1.0,0.0
A01AB18,46.851704,5.0,1.0,0.0
A01AB19,45.5833,5.0,1.0,0.0
A01AB21,47.88362,5.0,1.0,0.0
A01AB22,50.87563,5.0,1.0,0.0
A01AB23,45.76731,5.0,1.0,0.0
A01AB24,48.555344,5.0,1.0,0.0
A01AB25,45.650852,5.0,1.0,0.0
A01AB53,46.828644,5.0,1.0,0.0
A01AC,40.379173,4.0,0.8,5.0
A01AC01,39.5704,5.0,1.0,0.0
A01AC02,40.141388,5.0,1.0,0.0
A01AC03,40.76676,5.0,1.0,0.0
A01AC04,39.444595,5.0,1.0,0.0
A01AC54,40.71001,5.0,1.0,0.0
A01AD,51.334106,4.0,0.8,7.0
A01AD01,50.012756,5.0,1.0,0.0
A01AD02,50.112156,5.0,1.0,0.0
A01AD05,50.1158,5.0,1.0,0.0
A01AD06,52.209976,5.0,1.0,0.0
A01AD07,50.953598,5.0,1.0,0.0
A01AD08,51.25075,5.0,1.0,0.0
A01AD11,50.43588,5.0,1.0,0.0
A02,30.632938,2.0,0.4,102.0
A02A,51.344677,3.0,0.6,32.0
A02AA,52.46425,4.0,0.8,6.0
A02AA01,51.285213,5.0,1.0,0.0
A02AA02,52.20797,5.0,1.0,0.0
A02AA03,52.163956,5.0,1.0,0.0
A02AA04,52.29911,5.0,1.0,0.0
A02AA05,52.358196,5.0,1.0,0.0
A02AA10,52.030437,5.0,1.0,0.0
A02AB,52.16545,4.0,0.8,8.0
A02AB01,51.55158,5.0,1.0,0.0
A02AB02,51.05102,5.0,1.0,0.0
A02AB03,52.225986,5.0,1.0,0.0
A02AB04,52.65386,5.0,1.0,0.0
A02AB05,51.880592,5.0,1.0,0.0
A02AB06,52.120586,5.0,1.0,0.0
A02AB07,51.8966,5.0,1.0,0.0
A02AB10,51.123848,5.0,1.0,0.0
A02AC,47.61045,4.0,0.8,3.0
A02AC01,47.587097,5.0,1.0,0.0
A02AC02,47.076103,5.0,1.0,0.0
A02AC10,47.295055,5.0,1.0,0.0
A02AD,53.09688,4.0,0.8,5.0
A02AD01,52.79223,5.0,1.0,0.0
A02AD02,53.640263,5.0,1.0,0.0
A02AD03,52.911232,5.0,1.0,0.0
A02AD04,52.39651,5.0,1.0,0.0
A02AD05,50.96543,5.0,1.0,0.0
A02AF,49.592167,4.0,0.8,2.0
A02AF01,48.751682,5.0,1.0,0.0
A02AF02,49.275337,5.0,1.0,0.0
A02AG,39.13417,4.0,1.0,0.0
A02AH,40.040802,4.0,1.0,0.0
A02AX,39.784225,4.0,1.0,0.0
A02B,42.258057,3.0,0.6,67.0
A02BA,44.27773,4.0,0.8,10.0
A02BA01,44.50264,5.0,1.0,0.0
A02BA02,43.895348,5.0,1.0,0.0
A02BA03,44.536854,5.0,1.0,0.0
A02BA04,43.775818,5.0,1.0,0.0
A02BA05,42.64052,5.0,1.0,0.0
A02BA06,42.72199,5.0,1.0,0.0
A02BA07,44.21436,5.0,1.0,0.0
A02BA08,42.60814,5.0,1.0,0.0
A02BA51,40.620983,5.0,1.0,0.0
A02BA53,43.57577,5.0,1.0,0.0
A02BB,41.924824,4.0,0.8,2.0
A02BB01,41.851513,5.0,1.0,0.0
A02BB02,41.845356,5.0,1.0,0.0
A02BC,53.3152,4.0,0.8,14.0
A02BC01,47.912647,5.0,1.0,0.0
A02BC02,45.721546,5.0,1.0,0.0
A02BC03,50.289402,5.0,1.0,0.0
A02BC04,52.87652,5.0,1.0,0.0
A02BC05,54.858578,5.0,1.0,0.0
A02BC06,51.84218,5.0,1.0,0.0
A02BC07,52.538467,5.0,1.0,0.0
A02BC08,51.796154,5.0,1.0,0.0
A02BC09,52.704777,5.0,1.0,0.0
A02BC10,52.774033,5.0,1.0,0.0
A02BC11,52.209736,5.0,1.0,0.0
A02BC51,50.060287,5.0,1.0,0.0
A02BC53,51.025753,5.0,1.0,0.0
A02BC54,49.013138,5.0,1.0,0.0
A02BD,49.15531,4.0,0.8,17.0
A02BD01,49.258434,5.0,1.0,0.0
A02BD02,42.259155,5.0,1.0,0.0
A02BD03,49.887054,5.0,1.0,0.0
A02BD04,47.90698,5.0,1.0,0.0
A02BD05,45.79553,5.0,1.0,0.0
A02BD06,45.731613,5.0,1.0,0.0
A02BD07,50.117565,5.0,1.0,0.0
A02BD08,48.22113,5.0,1.0,0.0
A02BD09,49.26975,5.0,1.0,0.0
A02BD10,45.16426,5.0,1.0,0.0
A02BD11,48.982895,5.0,1.0,0.0
A02BD12,47.764236,5.0,1.0,0.0
A02BD13,42.521873,5.0,1.0,0.0
A02BD14,45.051453,5.0,1.0,0.0
A02BD15,49.079834,5.0,1.0,0.0
A02BD16,49.41785,5.0,1.0,0.0
A02BD17,49.21613,5.0,1.0,0.0
A02BX,51.636375,4.0,0.8,19.0
A02BX01,45.481094,5.0,1.0,0.0
A02BX02,51.827297,5.0,1.0,0.0
A02BX03,47.78797,5.0,1.0,0.0
A02BX04,51.850853,5.0,1.0,0.0
A02BX05,51.142834,5.0,1.0,0.0
A02BX06,48.006615,5.0,1.0,0.0
A02BX07,50.47334,5.0,1.0,0.0
A02BX08,49.341045,5.0,1.0,0.0
A02BX09,45.575333,5.0,1.0,0.0
A02BX10,50.33474,5.0,1.0,0.0
A02BX11,53.530853,5.0,1.0,0.0
A02BX12,50.62105,5.0,1.0,0.0
A02BX13,50.291145,5.0,1.0,0.0
A02BX14,50.215416,5.0,1.0,0.0
A02BX15,44.926247,5.0,1.0,0.0
A02BX16,50.365814,5.0,1.0,0.0
A02BX51,49.6845,5.0,1.0,0.0
A02BX71,45.379517,5.0,1.0,0.0
A02BX77,51.79933,5.0,1.0,0.0
A02X,48.792313,3.0,1.0,0.0
A03,46.580383,2.0,0.4,121.0
A03A,78.08273,3.0,0.6,61.0
A03AA,85.0118,4.0,0.8,9.0
A03AA01,81.40841,5.0,1.0,0.0
A03AA03,83.513565,5.0,1.0,0.0
A03AA04,84.41956,5.0,1.0,0.0
A03AA05,84.709694,5.0,1.0,0.0
A03AA06,83.671135,5.0,1.0,0.0
A03AA07,83.87641,5.0,1.0,0.0
A03AA08,83.92911,5.0,1.0,0.0
A03AA09,84.61323,5.0,1.0,0.0
A03AA30,82.94636,5.0,1.0,0.0
A03AB,84.29734,4.0,0.8,21.0
A03AB01,82.24881,5.0,1.0,0.0
A03AB02,79.54651,5.0,1.0,0.0
A03AB03,84.81386,5.0,1.0,0.0
A03AB04,81.163475,5.0,1.0,0.0
A03AB05,81.58896,5.0,1.0,0.0
A03AB06,81.104706,5.0,1.0,0.0
A03AB07,73.211235,5.0,1.0,0.0
A03AB08,78.5119,5.0,1.0,0.0
A03AB09,87.85795,5.0,1.0,0.0
A03AB10,82.596405,5.0,1.0,0.0
A03AB11,72.26936,5.0,1.0,0.0
A03AB12,77.21387,5.0,1.0,0.0
A03AB13,86.055824,5.0,1.0,0.0
A03AB14,86.23673,5.0,1.0,0.0
A03AB15,82.99584,5.0,1.0,0.0
A03AB16,80.13764,5.0,1.0,0.0
A03AB17,87.26712,5.0,1.0,0.0
A03AB18,83.87939,5.0,1.0,0.0
A03AB19,77.540565,5.0,1.0,0.0
A03AB21,78.499115,5.0,1.0,0.0
A03AB53,84.758,5.0,1.0,0.0
A03AC,77.36224,4.0,0.8,3.0
A03AC02,76.27293,5.0,1.0,0.0
A03AC04,76.40611,5.0,1.0,0.0
A03AC05,75.91883,5.0,1.0,0.0
A03AD,83.62945,4.0,0.8,3.0
A03AD01,82.27595,5.0,1.0,0.0
A03AD02,81.71209,5.0,1.0,0.0
A03AD30,82.936424,5.0,1.0,0.0
A03AE,85.73696,4.0,0.8,2.0
A03AE01,84.81649,5.0,1.0,0.0
A03AE03,85.058,5.0,1.0,0.0
A03AX,94.26061,4.0,0.8,17.0
A03AX01,84.6132,5.0,1.0,0.0
A03AX02,88.075615,5.0,1.0,0.0
A03AX03,86.65099,5.0,1.0,0.0
A03AX04,93.84807,5.0,1.0,0.0
A03AX05,83.455696,5.0,1.0,0.0
A03AX06,93.625824,5.0,1.0,0.0
A03AX07,92.57756,5.0,1.0,0.0
A03AX08,91.631485,5.0,1.0,0.0
A03AX09,93.624214,5.0,1.0,0.0
A03AX10,87.828,5.0,1.0,0.0
A03AX11,94.350334,5.0,1.0,0.0
A03AX12,91.190544,5.0,1.0,0.0
A03AX13,88.16702,5.0,1.0,0.0
A03AX14,89.384544,5.0,1.0,0.0
A03AX15,94.05743,5.0,1.0,0.0
A03AX30,94.87052,5.0,1.0,0.0
A03AX58,89.35395,5.0,1.0,0.0
A03B,80.20103,3.0,0.6,11.0
A03BA,77.140854,4.0,0.8,3.0
A03BA01,76.63781,5.0,1.0,0.0
A03BA03,75.59264,5.0,1.0,0.0
A03BA04,75.555,5.0,1.0,0.0
A03BB,80.53718,4.0,0.8,6.0
A03BB01,78.84461,5.0,1.0,0.0
A03BB02,77.60276,5.0,1.0,0.0
A03BB03,79.22527,5.0,1.0,0.0
A03BB04,79.383224,5.0,1.0,0.0
A03BB05,79.07286,5.0,1.0,0.0
A03BB06,79.12357,5.0,1.0,0.0
A03C,76.70045,3.0,0.6,19.0
A03CA,76.40574,4.0,0.8,11.0
A03CA01,76.53793,5.0,1.0,0.0
A03CA02,75.625916,5.0,1.0,0.0
A03CA03,74.725006,5.0,1.0,0.0
A03CA04,75.30415,5.0,1.0,0.0
A03CA05,76.71009,5.0,1.0,0.0
A03CA06,73.745926,5.0,1.0,0.0
A03CA07,72.390594,5.0,1.0,0.0
A03CA08,74.22721,5.0,1.0,0.0
A03CA09,76.31686,5.0,1.0,0.0
A03CA30,75.07518,5.0,1.0,0.0
A03CA34,76.31632,5.0,1.0,0.0
A03CB,77.32027,4.0,0.8,5.0
A03CB01,77.0023,5.0,1.0,0.0
A03CB02,76.87737,5.0,1.0,0.0
A03CB03,76.1498,5.0,1.0,0.0
A03CB04,75.702255,5.0,1.0,0.0
A03CB31,75.20225,5.0,1.0,0.0
A03CC,64.43891,4.0,1.0,0.0
A03D,81.52811,3.0,0.6,11.0
A03DA,81.986435,4.0,0.8,7.0
A03DA01,79.88513,5.0,1.0,0.0
A03DA02,79.464264,5.0,1.0,0.0
A03DA03,81.20037,5.0,1.0,0.0
A03DA04,78.811874,5.0,1.0,0.0
A03DA05,79.54255,5.0,1.0,0.0
A03DA06,80.23422,5.0,1.0,0.0
A03DA07,79.18808,5.0,1.0,0.0
A03DB,76.301476,4.0,0.8,1.0
A03DB04,75.71287,5.0,1.0,0.0
A03DC,71.04451,4.0,1.0,0.0
A03E,71.8461,3.0,0.75,2.0
A03EA,71.10952,4.0,1.0,0.0
A03ED,71.098,4.0,1.0,0.0
A03F,88.08532,3.0,0.6,11.0
A03FA,88.44363,4.0,0.8,10.0
A03FA01,85.81536,5.0,1.0,0.0
A03FA02,88.6965,5.0,1.0,0.0
A03FA03,87.888245,5.0,1.0,0.0
A03FA04,86.166176,5.0,1.0,0.0
A03FA05,87.366455,5.0,1.0,0.0
A03FA06,87.56539,5.0,1.0,0.0
A03FA07,85.11114,5.0,1.0,0.0
A03FA08,84.627525,5.0,1.0,0.0
A03FA09,87.01665,5.0,1.0,0.0
A03FA10,85.85144,5.0,1.0,0.0
A04,35.426956,2.0,0.4,20.0
A04A,35.437824,3.0,0.6,19.0
A04AA,30.036211,4.0,0.8,6.0
A04AA01,28.677927,5.0,1.0,0.0
A04AA02,30.552021,5.0,1.0,0.0
A04AA03,30.711365,5.0,1.0,0.0
A04AA04,30.289785,5.0,1.0,0.0
A04AA05,29.748184,5.0,1.0,0.0
A04AA55,29.708736,5.0,1.0,0.0
A04AD,36.080143,4.0,0.8,11.0
A04AD01,35.603424,5.0,1.0,0.0
A04AD02,36.257824,5.0,1.0,0.0
A04AD04,36.007732,5.0,1.0,0.0
A04AD05,35.956493,5.0,1.0,0.0
A04AD10,34.658478,5.0,1.0,0.0
A04AD11,35.423393,5.0,1.0,0.0
A04AD12,36.214493,5.0,1.0,0.0
A04AD13,35.29389,5.0,1.0,0.0
A04AD14,34.45019,5.0,1.0,0.0
A04AD51,35.296795,5.0,1.0,0.0
A04AD54,35.60698,5.0,1.0,0.0
A05,39.92946,2.0,0.4,29.0
A05A,41.18467,3.0,0.6,16.0
A05AA,40.434326,4.0,0.8,5.0
A05AA01,40.55631,5.0,1.0,0.0
A05AA02,40.903214,5.0,1.0,0.0
A05AA03,39.67552,5.0,1.0,0.0
A05AA04,40.132927,5.0,1.0,0.0
A05AA05,40.548447,5.0,1.0,0.0
A05AB,36.48798,4.0,0.8,1.0
A05AB01,36.33507,5.0,1.0,0.0
A05AX,41.47017,4.0,0.8,7.0
A05AX01,41.59481,5.0,1.0,0.0
A05AX02,40.603836,5.0,1.0,0.0
A05AX03,41.421658,5.0,1.0,0.0
A05AX04,41.066025,5.0,1.0,0.0
A05AX05,40.637638,5.0,1.0,0.0
A05AX06,40.76949,5.0,1.0,0.0
A05AX07,42.508095,5.0,1.0,0.0
A05B,41.062805,3.0,0.6,10.0
A05BA,41.0353,4.0,0.8,9.0
A05BA01,40.89691,5.0,1.0,0.0
A05BA03,40.94398,5.0,1.0,0.0
A05BA04,40.04233,5.0,1.0,0.0
A05BA05,41.090744,5.0,1.0,0.0
A05BA06,40.83775,5.0,1.0,0.0
A05BA07,39.783195,5.0,1.0,0.0
A05BA08,41.29137,5.0,1.0,0.0
A05BA09,40.380634,5.0,1.0,0.0
A05BA10,41.380527,5.0,1.0,0.0
A05C,37.28097,3.0,1.0,0.0
A06,34.32548,2.0,0.4,77.0
A06A,34.144146,3.0,0.6,76.0
A06AA,43.994404,4.0,0.8,3.0
A06AA01,43.76921,5.0,1.0,0.0
A06AA02,43.71788,5.0,1.0,0.0
A06AA51,44.053722,5.0,1.0,0.0
A06AB,48.934776,4.0,0.8,16.0
A06AB01,46.58736,5.0,1.0,0.0
A06AB02,44.441826,5.0,1.0,0.0
A06AB03,45.727764,5.0,1.0,0.0
A06AB04,46.919296,5.0,1.0,0.0
A06AB05,47.244423,5.0,1.0,0.0
A06AB06,49.015675,5.0,1.0,0.0
A06AB07,48.90387,5.0,1.0,0.0
A06AB08,40.630207,5.0,1.0,0.0
A06AB09,48.229416,5.0,1.0,0.0
A06AB20,49.78181,5.0,1.0,0.0
A06AB30,43.196587,5.0,1.0,0.0
A06AB52,48.068398,5.0,1.0,0.0
A06AB53,48.254936,5.0,1.0,0.0
A06AB56,48.774204,5.0,1.0,0.0
A06AB57,44.300472,5.0,1.0,0.0
A06AB58,47.422726,5.0,1.0,0.0
A06AC,36.99211,4.0,0.8,10.0
A06AC01,36.036896,5.0,1.0,0.0
A06AC02,37.5269,5.0,1.0,0.0
A06AC03,36.69011,5.0,1.0,0.0
A06AC05,36.346344,5.0,1.0,0.0
A06AC06,37.693493,5.0,1.0,0.0
A06AC07,36.96622,5.0,1.0,0.0
A06AC08,36.341827,5.0,1.0,0.0
A06AC51,36.921017,5.0,1.0,0.0
A06AC53,36.646187,5.0,1.0,0.0
A06AC55,37.8507,5.0,1.0,0.0
A06AD,44.92167,4.0,0.8,17.0
A06AD01,42.212833,5.0,1.0,0.0
A06AD02,44.29495,5.0,1.0,0.0
A06AD03,41.98939,5.0,1.0,0.0
A06AD04,41.1288,5.0,1.0,0.0
A06AD10,44.111805,5.0,1.0,0.0
A06AD11,44.118244,5.0,1.0,0.0
A06AD12,44.297752,5.0,1.0,0.0
A06AD13,43.66093,5.0,1.0,0.0
A06AD14,46.289413,5.0,1.0,0.0
A06AD15,45.63059,5.0,1.0,0.0
A06AD16,39.871956,5.0,1.0,0.0
A06AD17,42.659718,5.0,1.0,0.0
A06AD18,44.3359,5.0,1.0,0.0
A06AD19,39.746883,5.0,1.0,0.0
A06AD21,43.633896,5.0,1.0,0.0
A06AD61,44.25608,5.0,1.0,0.0
A06AD65,43.114433,5.0,1.0,0.0
A06AG,42.20444,4.0,0.8,9.0
A06AG01,40.961098,5.0,1.0,0.0
A06AG02,38.464962,5.0,1.0,0.0
A06AG03,41.72095,5.0,1.0,0.0
A06AG04,40.379436,5.0,1.0,0.0
A06AG06,41.91737,5.0,1.0,0.0
A06AG07,41.518288,5.0,1.0,0.0
A06AG10,42.39177,5.0,1.0,0.0
A06AG11,42.10819,5.0,1.0,0.0
A06AG20,42.702324,5.0,1.0,0.0
A06AH,42.317738,4.0,0.8,5.0
A06AH01,42.96536,5.0,1.0,0.0
A06AH02,41.928604,5.0,1.0,0.0
A06AH03,41.33249,5.0,1.0,0.0
A06AH04,42.624992,5.0,1.0,0.0
A06AH05,42.033737,5.0,1.0,0.0
A06AX,40.303406,4.0,0.8,9.0
A06AX01,39.92772,5.0,1.0,0.0
A06AX02,38.914276,5.0,1.0,0.0
A06AX03,40.471436,5.0,1.0,0.0
A06AX04,39.989944,5.0,1.0,0.0
A06AX05,38.98774,5.0,1.0,0.0
A06AX06,37.90171,5.0,1.0,0.0
A06AX07,39.653774,5.0,1.0,0.0
A06AX08,39.90159,5.0,1.0,0.0
A06AX09,40.373425,5.0,1.0,0.0
A07,29.196728,2.0,0.4,83.0
A07A,47.090153,3.0,0.6,27.0
A07AA,47.24489,4.0,0.8,15.0
A07AA01,46.71611,5.0,1.0,0.0
A07AA02,46.267582,5.0,1.0,0.0
A07AA03,47.891804,5.0,1.0,0.0
A07AA04,46.65592,5.0,1.0,0.0
A07AA05,44.01553,5.0,1.0,0.0
A07AA06,46.142517,5.0,1.0,0.0
A07AA07,47.28135,5.0,1.0,0.0
A07AA08,46.722378,5.0,1.0,0.0
A07AA09,47.42902,5.0,1.0,0.0
A07AA10,47.03768,5.0,1.0,0.0
A07AA11,46.924274,5.0,1.0,0.0
A07AA12,46.3184,5.0,1.0,0.0
A07AA13,43.73163,5.0,1.0,0.0
A07AA51,46.93032,5.0,1.0,0.0
A07AA54,46.470703,5.0,1.0,0.0
A07AB,44.6611,4.0,0.8,3.0
A07AB02,44.24815,5.0,1.0,0.0
A07AB03,44.751694,5.0,1.0,0.0
A07AB04,44.39029,5.0,1.0,0.0
A07AC,34.400753,4.0,0.8,1.0
A07AC01,34.31366,5.0,1.0,0.0
A07AX,46.412945,4.0,0.8,4.0
A07AX01,45.845116,5.0,1.0,0.0
A07AX02,46.133213,5.0,1.0,0.0
A07AX03,46.54058,5.0,1.0,0.0
A07AX04,45.72835,5.0,1.0,0.0
A07B,41.057003,3.0,0.6,12.0
A07BA,37.93461,4.0,0.8,2.0
A07BA01,38.00866,5.0,1.0,0.0
A07BA51,38.12531,5.0,1.0,0.0
A07BB,35.227707,4.0,1.0,0.0
A07BC,41.186493,4.0,0.8,7.0
A07BC01,41.08036,5.0,1.0,0.0
A07BC02,40.526756,5.0,1.0,0.0
A07BC03,40.458817,5.0,1.0,0.0
A07BC04,41.011536,5.0,1.0,0.0
A07BC05,40.24929,5.0,1.0,0.0
A07BC30,40.549286,5.0,1.0,0.0
A07BC54,41.475796,5.0,1.0,0.0
A07C,45.007374,3.0,0.75,1.0
A07CA,44.833004,4.0,1.0,0.0
A07D,46.36961,3.0,0.6,9.0
A07DA,46.156513,4.0,0.8,8.0
A07DA01,46.37466,5.0,1.0,0.0
A07DA02,44.922173,5.0,1.0,0.0
A07DA03,45.981934,5.0,1.0,0.0
A07DA04,45.798946,5.0,1.0,0.0
A07DA05,45.544704,5.0,1.0,0.0
A07DA06,46.92216,5.0,1.0,0.0
A07DA52,43.797253,5.0,1.0,0.0
A07DA53,45.872417,5.0,1.0,0.0
A07E,48.089954,3.0,0.6,15.0
A07EA,48.008797,4.0,0.8,7.0
A07EA01,46.19361,5.0,1.0,0.0
A07EA02,47.007286,5.0,1.0,0.0
A07EA03,48.29133,5.0,1.0,0.0
A07EA04,47.97613,5.0,1.0,0.0
A07EA05,47.268616,5.0,1.0,0.0
A07EA06,47.929688,5.0,1.0,0.0
A07EA07,48.29102,5.0,1.0,0.0
A07EB,39.26236,4.0,0.8,1.0
A07EB01,39.406914,5.0,1.0,0.0
A07EC,46.519287,4.0,0.8,4.0
A07EC01,45.732754,5.0,1.0,0.0
A07EC02,45.905884,5.0,1.0,0.0
A07EC03,46.245186,5.0,1.0,0.0
A07EC04,46.600834,5.0,1.0,0.0
A07F,44.274662,3.0,0.6,5.0
A07FA,44.443466,4.0,0.8,4.0
A07FA01,44.459805,5.0,1.0,0.0
A07FA02,43.73587,5.0,1.0,0.0
A07FA03,43.867294,5.0,1.0,0.0
A07FA51,44.135468,5.0,1.0,0.0
A07X,49.45641,3.0,0.6,7.0
A07XA,49.494946,4.0,0.8,6.0
A07XA01,48.75581,5.0,1.0,0.0
A07XA02,48.643803,5.0,1.0,0.0
A07XA03,49.357533,5.0,1.0,0.0
A07XA04,48.806973,5.0,1.0,0.0
A07XA06,48.89015,5.0,1.0,0.0
A07XA51,48.456978,5.0,1.0,0.0
A08,34.370094,2.0,0.4,21.0
A08A,34.31026,3.0,0.6,20.0
A08AA,34.683693,4.0,0.8,15.0
A08AA01,34.41522,5.0,1.0,0.0
A08AA02,34.435116,5.0,1.0,0.0
A08AA03,34.24872,5.0,1.0,0.0
A08AA04,33.939144,5.0,1.0,0.0
A08AA05,34.52425,5.0,1.0,0.0
A08AA06,34.610943,5.0,1.0,0.0
A08AA07,33.65199,5.0,1.0,0.0
A08AA08,34.507362,5.0,1.0,0.0
A08AA09,32.328644,5.0,1.0,0.0
A08AA10,32.69472,5.0,1.0,0.0
A08AA11,31.301605,5.0,1.0,0.0
A08AA12,33.688503,5.0,1.0,0.0
A08AA51,34.7561,5.0,1.0,0.0
A08AA56,34.476852,5.0,1.0,0.0
A08AA62,35.074287,5.0,1.0,0.0
A08AB,27.807623,4.0,0.8,1.0
A08AB01,27.66457,5.0,1.0,0.0
A08AX,29.046194,4.0,0.8,1.0
A08AX01,29.21328,5.0,1.0,0.0
A09,31.20733,2.0,0.4,14.0
A09A,31.171402,3.0,0.6,13.0
A09AA,31.208439,4.0,0.8,4.0
A09AA01,30.981432,5.0,1.0,0.0
A09AA02,30.928139,5.0,1.0,0.0
A09AA03,31.066723,5.0,1.0,0.0
A09AA04,31.309679,5.0,1.0,0.0
A09AB,31.436731,4.0,0.8,4.0
A09AB01,31.177624,5.0,1.0,0.0
A09AB02,31.084455,5.0,1.0,0.0
A09AB03,31.257727,5.0,1.0,0.0
A09AB04,31.50702,5.0,1.0,0.0
A09AC,27.489063,4.0,0.8,2.0
A09AC01,27.543278,5.0,1.0,0.0
A09AC02,27.650465,5.0,1.0,0.0
A10,34.890316,2.0,0.4,143.0
A10A,69.975494,3.0,0.6,35.0
A10AB,69.82901,4.0,0.8,7.0
A10AB01,70.597275,5.0,1.0,0.0
A10AB02,68.93527,5.0,1.0,0.0
A10AB03,66.94216,5.0,1.0,0.0
A10AB04,68.84087,5.0,1.0,0.0
A10AB05,68.51192,5.0,1.0,0.0
A10AB06,69.64937,5.0,1.0,0.0
A10AB30,69.2835,5.0,1.0,0.0
A10AC,67.412766,4.0,0.8,5.0
A10AC01,66.145996,5.0,1.0,0.0
A10AC02,65.381775,5.0,1.0,0.0
A10AC03,67.40622,5.0,1.0,0.0
A10AC04,65.865776,5.0,1.0,0.0
A10AC30,67.58372,5.0,1.0,0.0
A10AD,70.93644,4.0,0.8,7.0
A10AD01,71.373375,5.0,1.0,0.0
A10AD02,69.81722,5.0,1.0,0.0
A10AD03,68.783455,5.0,1.0,0.0
A10AD04,71.727234,5.0,1.0,0.0
A10AD05,69.43255,5.0,1.0,0.0
A10AD06,70.011536,5.0,1.0,0.0
A10AD30,68.86862,5.0,1.0,0.0
A10AE,72.39966,4.0,0.8,10.0
A10AE01,71.774445,5.0,1.0,0.0
A10AE02,70.66604,5.0,1.0,0.0
A10AE03,71.358795,5.0,1.0,0.0
A10AE04,70.25059,5.0,1.0,0.0
A10AE05,72.61384,5.0,1.0,0.0
A10AE06,70.98894,5.0,1.0,0.0
A10AE07,72.531334,5.0,1.0,0.0
A10AE30,70.883675,5.0,1.0,0.0
A10AE54,70.82876,5.0,1.0,0.0
A10AE56,70.92678,5.0,1.0,0.0
A10AF,57.10241,4.0,0.8,1.0
A10AF01,56.541363,5.0,1.0,0.0
A10B,47.22566,3.0,0.6,100.0
A10BA,55.26193,4.0,0.8,3.0
A10BA01,54.76053,5.0,1.0,0.0
A10BA02,55.379757,5.0,1.0,0.0
A10BA03,54.22416,5.0,1.0,0.0
A10BB,68.30396,4.0,0.8,13.0
A10BB01,67.11346,5.0,1.0,0.0
A10BB02,64.27437,5.0,1.0,0.0
A10BB03,67.04417,5.0,1.0,0.0
A10BB04,66.790245,5.0,1.0,0.0
A10BB05,64.234085,5.0,1.0,0.0
A10BB06,65.85273,5.0,1.0,0.0
A10BB07,69.24074,5.0,1.0,0.0
A10BB08,66.724045,5.0,1.0,0.0
A10BB09,63.656704,5.0,1.0,0.0
A10BB10,59.590225,5.0,1.0,0.0
A10BB11,67.642265,5.0,1.0,0.0
A10BB12,65.83691,5.0,1.0,0.0
A10BB31,68.67837,5.0,1.0,0.0
A10BC,54.05364,4.0,0.8,1.0
A10BC01,54.100674,5.0,1.0,0.0
A10BD,63.505074,4.0,0.8,30.0
A10BD01,61.669468,5.0,1.0,0.0
A10BD02,62.232033,5.0,1.0,0.0
A10BD03,57.17475,5.0,1.0,0.0
A10BD04,67.08366,5.0,1.0,0.0
A10BD05,55.661472,5.0,1.0,0.0
A10BD06,55.940544,5.0,1.0,0.0
A10BD07,68.68383,5.0,1.0,0.0
A10BD08,70.85442,5.0,1.0,0.0
A10BD09,64.23013,5.0,1.0,0.0
A10BD10,61.5521,5.0,1.0,0.0
A10BD11,61.578114,5.0,1.0,0.0
A10BD12,55.74515,5.0,1.0,0.0
A10BD13,59.757153,5.0,1.0,0.0
A10BD14,65.63871,5.0,1.0,0.0
A10BD15,53.94886,5.0,1.0,0.0
A10BD16,60.800705,5.0,1.0,0.0
A10BD17,51.613064,5.0,1.0,0.0
A10BD18,62.27429,5.0,1.0,0.0
A10BD19,59.131794,5.0,1.0,0.0
A10BD20,63.933624,5.0,1.0,0.0
A10BD21,63.341835,5.0,1.0,0.0
A10BD22,53.084198,5.0,1.0,0.0
A10BD23,61.050385,5.0,1.0,0.0
A10BD24,59.54747,5.0,1.0,0.0
A10BD25,61.96512,5.0,1.0,0.0
A10BD26,61.668976,5.0,1.0,0.0
A10BD27,63.229076,5.0,1.0,0.0
A10BD28,65.328186,5.0,1.0,0.0
A10BD29,65.32984,5.0,1.0,0.0
A10BD30,62.29752,5.0,1.0,0.0
A10BF,51.298473,4.0,0.8,3.0
A10BF01,51.325226,5.0,1.0,0.0
A10BF02,50.579933,5.0,1.0,0.0
A10BF03,51.552055,5.0,1.0,0.0
A10BG,58.81797,4.0,0.8,4.0
A10BG01,57.97229,5.0,1.0,0.0
A10BG02,58.438286,5.0,1.0,0.0
A10BG03,57.783226,5.0,1.0,0.0
A10BG04,58.562794,5.0,1.0,0.0
A10BH,70.5318,4.0,0.8,10.0
A10BH01,69.19147,5.0,1.0,0.0
A10BH02,70.366455,5.0,1.0,0.0
A10BH03,69.69546,5.0,1.0,0.0
A10BH04,67.31026,5.0,1.0,0.0
A10BH05,69.112274,5.0,1.0,0.0
A10BH06,69.30804,5.0,1.0,0.0
A10BH07,69.66065,5.0,1.0,0.0
A10BH08,68.43189,5.0,1.0,0.0
A10BH51,69.05872,5.0,1.0,0.0
A10BH52,68.258804,5.0,1.0,0.0
A10BJ,76.98819,4.0,0.8,7.0
A10BJ01,75.67642,5.0,1.0,0.0
A10BJ02,75.354454,5.0,1.0,0.0
A10BJ03,76.64395,5.0,1.0,0.0
A10BJ04,75.26382,5.0,1.0,0.0
A10BJ05,77.37803,5.0,1.0,0.0
A10BJ06,77.778786,5.0,1.0,0.0
A10BJ07,75.683716,5.0,1.0,0.0
A10BK,61.94773,4.0,0.8,9.0
A10BK01,60.370586,5.0,1.0,0.0
A10BK02,60.324364,5.0,1.0,0.0
A10BK03,62.16613,5.0,1.0,0.0
A10BK04,61.573944,5.0,1.0,0.0
A10BK05,60.36835,5.0,1.0,0.0
A10BK06,62.017956,5.0,1.0,0.0
A10BK07,61.96654,5.0,1.0,0.0
A10BK08,61.455956,5.0,1.0,0.0
A10BK09,59.18891,5.0,1.0,0.0
A10BX,73.80875,4.0,0.8,10.0
A10BX01,71.07112,5.0,1.0,0.0
A10BX02,73.678375,5.0,1.0,0.0
A10BX03,73.393616,5.0,1.0,0.0
A10BX05,69.653175,5.0,1.0,0.0
A10BX06,74.21902,5.0,1.0,0.0
A10BX08,70.112465,5.0,1.0,0.0
A10BX15,73.01374,5.0,1.0,0.0
A10BX16,68.83529,5.0,1.0,0.0
A10BX17,71.96754,5.0,1.0,0.0
A10BX18,73.43525,5.0,1.0,0.0
A10X,63.588177,3.0,0.6,5.0
A10XA,62.680527,4.0,0.8,1.0
A10XA01,62.83198,5.0,1.0,0.0
A10XX,63.30332,4.0,0.8,2.0
A10XX01,62.66229,5.0,1.0,0.0
A10XX02,63.42438,5.0,1.0,0.0
A11,36.51013,2.0,0.4,57.0
A11A,50.847095,3.0,0.6,6.0
A11AA,51.68505,4.0,0.8,4.0
A11AA01,51.077446,5.0,1.0,0.0
A11AA02,51.238594,5.0,1.0,0.0
A11AA03,51.0817,5.0,1.0,0.0
A11AA04,50.782333,5.0,1.0,0.0
A11AB,46.184975,4.0,1.0,0.0
A11B,43.887924,3.0,0.75,1.0
A11BA,44.02917,4.0,1.0,0.0
A11C,48.289295,3.0,0.6,13.0
A11CA,42.382587,4.0,0.8,2.0
A11CA01,41.93124,5.0,1.0,0.0
A11CA02,42.855053,5.0,1.0,0.0
A11CB,38.658504,4.0,1.0,0.0
A11CC,48.744797,4.0,0.8,8.0
A11CC01,47.809097,5.0,1.0,0.0
A11CC02,46.976036,5.0,1.0,0.0
A11CC03,48.205967,5.0,1.0,0.0
A11CC04,48.506218,5.0,1.0,0.0
A11CC05,49.65762,5.0,1.0,0.0
A11CC06,47.861282,5.0,1.0,0.0
A11CC20,48.58379,5.0,1.0,0.0
A11CC55,48.39853,5.0,1.0,0.0
A11D,43.00941,3.0,0.6,5.0
A11DA,43.029453,4.0,0.8,3.0
A11DA01,43.002125,5.0,1.0,0.0
A11DA02,42.74166,5.0,1.0,0.0
A11DA03,42.925766,5.0,1.0,0.0
A11DB,39.832096,4.0,1.0,0.0
A11E,40.417263,3.0,0.75,5.0
A11EA,40.439396,4.0,1.0,0.0
A11EB,40.13026,4.0,1.0,0.0
A11EC,40.268948,4.0,1.0,0.0
A11ED,39.924488,4.0,1.0,0.0
A11EX,39.765316,4.0,1.0,0.0
A11G,40.477463,3.0,0.6,4.0
A11GA,40.398968,4.0,0.8,1.0
A11GA01,40.865425,5.0,1.0,0.0
A11GB,40.2834,4.0,0.8,1.0
A11GB01,40.03361,5.0,1.0,0.0
A11H,46.181168,3.0,0.6,12.0
A11HA,46.20974,4.0,0.8,11.0
A11HA01,46.53278,5.0,1.0,0.0
A11HA02,45.372932,5.0,1.0,0.0
A11HA03,46.42261,5.0,1.0,0.0
A11HA04,46.356506,5.0,1.0,0.0
A11HA05,44.948814,5.0,1.0,0.0
A11HA06,44.42912,5.0,1.0,0.0
A11HA07,46.447174,5.0,1.0,0.0
A11HA08,45.615673,5.0,1.0,0.0
A11HA30,45.145164,5.0,1.0,0.0
A11HA31,46.599407,5.0,1.0,0.0
A11HA32,45.679913,5.0,1.0,0.0
A11J,45.25763,3.0,0.75,3.0
A11JA,44.78388,4.0,1.0,0.0
A11JB,45.36167,4.0,1.0,0.0
A11JC,44.703575,4.0,1.0,0.0
A12,29.580132,2.0,0.4,54.0
A12A,37.802048,3.0,0.6,16.0
A12AA,37.825054,4.0,0.8,14.0
A12AA01,35.614445,5.0,1.0,0.0
A12AA02,37.347046,5.0,1.0,0.0
A12AA03,38.334225,5.0,1.0,0.0
A12AA04,37.197067,5.0,1.0,0.0
A12AA05,36.338093,5.0,1.0,0.0
A12AA06,37.97726,5.0,1.0,0.0
A12AA07,31.888142,5.0,1.0,0.0
A12AA08,37.31515,5.0,1.0,0.0
A12AA09,38.409203,5.0,1.0,0.0
A12AA10,37.1281,5.0,1.0,0.0
A12AA11,37.174114,5.0,1.0,0.0
A12AA13,38.84889,5.0,1.0,0.0
A12AA20,38.016987,5.0,1.0,0.0
A12AA30,36.485363,5.0,1.0,0.0
A12AX,28.881433,4.0,1.0,0.0
A12B,38.106754,3.0,0.6,8.0
A12BA,38.23201,4.0,0.8,7.0
A12BA01,37.907402,5.0,1.0,0.0
A12BA02,38.454006,5.0,1.0,0.0
A12BA03,36.094208,5.0,1.0,0.0
A12BA04,38.19403,5.0,1.0,0.0
A12BA05,38.0159,5.0,1.0,0.0
A12BA30,38.04072,5.0,1.0,0.0
A12BA51,37.373863,5.0,1.0,0.0
A12C,37.644108,3.0,0.6,27.0
A12CA,36.492302,4.0,0.8,2.0
A12CA01,36.436687,5.0,1.0,0.0
A12CA02,36.6291,5.0,1.0,0.0
A12CB,38.535904,4.0,0.8,3.0
A12CB01,38.612183,5.0,1.0,0.0
A12CB02,38.39302,5.0,1.0,0.0
A12CB03,38.29924,5.0,1.0,0.0
A12CC,39.11794,4.0,0.8,11.0
A12CC01,35.753952,5.0,1.0,0.0
A12CC02,39.711674,5.0,1.0,0.0
A12CC03,38.810226,5.0,1.0,0.0
A12CC04,36.94077,5.0,1.0,0.0
A12CC05,37.795597,5.0,1.0,0.0
A12CC06,40.338852,5.0,1.0,0.0
A12CC07,37.99993,5.0,1.0,0.0
A12CC08,38.92544,5.0,1.0,0.0
A12CC09,37.41197,5.0,1.0,0.0
A12CC10,38.088696,5.0,1.0,0.0
A12CC30,38.73773,5.0,1.0,0.0
A12CD,31.592081,4.0,0.8,3.0
A12CD01,31.557022,5.0,1.0,0.0
A12CD02,31.052269,5.0,1.0,0.0
A12CD51,31.541311,5.0,1.0,0.0
A12CE,36.1254,4.0,0.8,2.0
A12CE01,36.302505,5.0,1.0,0.0
A12CE02,36.04325,5.0,1.0,0.0
A12CX,29.833237,4.0,1.0,0.0
A13,39.689823,2.0,0.6666666666666666,1.0
A13A,39.71783,3.0,1.0,0.0
A14,33.76503,2.0,0.4,16.0
A14A,33.70445,3.0,0.6,14.0
A14AA,33.901802,4.0,0.8,9.0
A14AA01,34.179855,5.0,1.0,0.0
A14AA02,31.127905,5.0,1.0,0.0
A14AA03,33.829067,5.0,1.0,0.0
A14AA04,34.034184,5.0,1.0,0.0
A14AA05,33.80641,5.0,1.0,0.0
A14AA06,33.841766,5.0,1.0,0.0
A14AA07,34.086296,5.0,1.0,0.0
A14AA08,33.0965,5.0,1.0,0.0
A14AA09,32.80961,5.0,1.0,0.0
A14AB,30.288239,4.0,0.8,3.0
A14AB01,30.04248,5.0,1.0,0.0
A14AB02,30.218954,5.0,1.0,0.0
A14AB03,30.10902,5.0,1.0,0.0
A14B,30.236372,3.0,1.0,0.0
A15,45.604115,2.0,1.0,0.0
A16,81.848694,2.0,0.4,64.0
A16A,81.35795,3.0,0.6,63.0
A16AA,83.30966,4.0,0.8,7.0
A16AA01,81.95485,5.0,1.0,0.0
A16AA02,82.59408,5.0,1.0,0.0
A16AA03,82.015,5.0,1.0,0.0
A16AA04,81.97956,5.0,1.0,0.0
A16AA05,81.05291,5.0,1.0,0.0
A16AA06,81.43393,5.0,1.0,0.0
A16AA07,84.87141,5.0,1.0,0.0
A16AB,80.77442,4.0,0.8,27.0
A16AB01,82.68234,5.0,1.0,0.0
A16AB02,83.33216,5.0,1.0,0.0
A16AB03,80.747696,5.0,1.0,0.0
A16AB04,76.78135,5.0,1.0,0.0
A16AB05,80.20951,5.0,1.0,0.0
A16AB06,70.88703,5.0,1.0,0.0
A16AB07,69.60186,5.0,1.0,0.0
A16AB08,80.015594,5.0,1.0,0.0
A16AB09,82.28834,5.0,1.0,0.0
A16AB10,81.552635,5.0,1.0,0.0
A16AB11,83.14099,5.0,1.0,0.0
A16AB12,81.92245,5.0,1.0,0.0
A16AB13,88.47637,5.0,1.0,0.0
A16AB14,72.96914,5.0,1.0,0.0
A16AB15,81.89151,5.0,1.0,0.0
A16AB16,77.20758,5.0,1.0,0.0
A16AB17,76.69591,5.0,1.0,0.0
A16AB18,75.632744,5.0,1.0,0.0
A16AB19,79.77975,5.0,1.0,0.0
A16AB20,79.91056,5.0,1.0,0.0
A16AB21,77.16009,5.0,1.0,0.0
A16AB22,77.149826,5.0,1.0,0.0
A16AB23,81.864494,5.0,1.0,0.0
A16AB24,82.04989,5.0,1.0,0.0
A16AB25,80.05935,5.0,1.0,0.0
A16AB26,59.739624,5.0,1.0,0.0
A16AB27,82.93165,5.0,1.0,0.0
A16AX,91.0116,4.0,0.8,26.0
A16AX01,90.67239,5.0,1.0,0.0
A16AX02,86.62459,5.0,1.0,0.0
A16AX03,85.46754,5.0,1.0,0.0
A16AX04,99.31215,5.0,1.0,0.0
A16AX05,89.373375,5.0,1.0,0.0
A16AX06,87.635056,5.0,1.0,0.0
A16AX07,94.91719,5.0,1.0,0.0
A16AX08,96.31107,5.0,1.0,0.0
A16AX09,97.48968,5.0,1.0,0.0
A16AX10,89.7193,5.0,1.0,0.0
A16AX11,88.80299,5.0,1.0,0.0
A16AX12,90.24384,5.0,1.0,0.0
A16AX13,92.774994,5.0,1.0,0.0
A16AX14,89.90181,5.0,1.0,0.0
A16AX15,88.366936,5.0,1.0,0.0
A16AX16,81.35413,5.0,1.0,0.0
A16AX17,81.361336,5.0,1.0,0.0
A16AX18,94.96935,5.0,1.0,0.0
A16AX19,88.406624,5.0,1.0,0.0
A16AX20,83.62609,5.0,1.0,0.0
A16AX21,86.06345,5.0,1.0,0.0
A16AX22,83.675896,5.0,1.0,0.0
A16AX23,84.854805,5.0,1.0,0.0
A16AX24,84.75095,5.0,1.0,0.0
A16AX25,98.15122,5.0,1.0,0.0
A16AX30,84.2605,5.0,1.0,0.0
B,14.336593,1.0,0.2,324.0
B01,72.546005,2.0,0.4,86.0
B01A,72.694374,3.0,0.6,85.0
B01AA,86.777435,4.0,0.8,10.0
B01AA01,87.702126,5.0,1.0,0.0
B01AA02,82.99216,5.0,1.0,0.0
B01AA03,81.76989,5.0,1.0,0.0
B01AA04,82.73353,5.0,1.0,0.0
B01AA07,83.40135,5.0,1.0,0.0
B01AA08,84.39057,5.0,1.0,0.0
B01AA09,87.34787,5.0,1.0,0.0
B01AA10,85.88793,5.0,1.0,0.0
B01AA11,85.91642,5.0,1.0,0.0
B01AA12,88.41778,5.0,1.0,0.0
B01AB,101.06592,4.0,0.8,12.0
B01AB01,100.12543,5.0,1.0,0.0
B01AB02,94.91331,5.0,1.0,0.0
B01AB04,100.97516,5.0,1.0,0.0
B01AB05,94.05896,5.0,1.0,0.0
B01AB06,98.53273,5.0,1.0,0.0
B01AB07,94.27399,5.0,1.0,0.0
B01AB08,101.067474,5.0,1.0,0.0
B01AB09,99.013885,5.0,1.0,0.0
B01AB10,98.29671,5.0,1.0,0.0
B01AB11,100.654205,5.0,1.0,0.0
B01AB12,98.59627,5.0,1.0,0.0
B01AB51,100.54116,5.0,1.0,0.0
B01AC,83.8652,4.0,0.8,27.0
B01AC01,81.664215,5.0,1.0,0.0
B01AC02,82.23293,5.0,1.0,0.0
B01AC03,83.04746,5.0,1.0,0.0
B01AC04,80.37955,5.0,1.0,0.0
B01AC05,82.68129,5.0,1.0,0.0
B01AC06,75.80601,5.0,1.0,0.0
B01AC07,84.07865,5.0,1.0,0.0
B01AC08,82.40302,5.0,1.0,0.0
B01AC09,82.24184,5.0,1.0,0.0
B01AC10,89.81596,5.0,1.0,0.0
B01AC11,77.28325,5.0,1.0,0.0
B01AC13,93.61321,5.0,1.0,0.0
B01AC15,80.77804,5.0,1.0,0.0
B01AC16,80.99936,5.0,1.0,0.0
B01AC17,85.95997,5.0,1.0,0.0
B01AC18,93.55468,5.0,1.0,0.0
B01AC19,83.16128,5.0,1.0,0.0
B01AC21,76.54937,5.0,1.0,0.0
B01AC22,88.84341,5.0,1.0,0.0
B01AC23,74.494225,5.0,1.0,0.0
B01AC24,82.39095,5.0,1.0,0.0
B01AC25,92.76195,5.0,1.0,0.0
B01AC26,75.68615,5.0,1.0,0.0
B01AC27,76.8213,5.0,1.0,0.0
B01AC28,86.06372,5.0,1.0,0.0
B01AC30,83.646774,5.0,1.0,0.0
B01AC56,83.945656,5.0,1.0,0.0
B01AD,103.92382,4.0,0.8,13.0
B01AD01,99.82558,5.0,1.0,0.0
B01AD02,109.119194,5.0,1.0,0.0
B01AD03,97.54372,5.0,1.0,0.0
B01AD04,102.293106,5.0,1.0,0.0
B01AD05,99.55519,5.0,1.0,0.0
B01AD06,92.82305,5.0,1.0,0.0
B01AD07,99.36298,5.0,1.0,0.0
B01AD08,101.50934,5.0,1.0,0.0
B01AD09,103.24667,5.0,1.0,0.0
B01AD10,101.395294,5.0,1.0,0.0
B01AD11,103.78134,5.0,1.0,0.0
B01AD12,100.27458,5.0,1.0,0.0
B01AD13,103.12719,5.0,1.0,0.0
B01AE,89.953766,4.0,0.8,7.0
B01AE01,89.22609,5.0,1.0,0.0
B01AE02,88.57809,5.0,1.0,0.0
B01AE03,88.524475,5.0,1.0,0.0
B01AE04,88.21155,5.0,1.0,0.0
B01AE05,90.46618,5.0,1.0,0.0
B01AE06,88.60366,5.0,1.0,0.0
B01AE07,88.36553,5.0,1.0,0.0
B01AF,58.187347,4.0,0.8,5.0
B01AF01,57.401897,5.0,1.0,0.0
B01AF02,58.01365,5.0,1.0,0.0
B01AF03,58.00683,5.0,1.0,0.0
B01AF04,57.77268,5.0,1.0,0.0
B01AF51,56.735294,5.0,1.0,0.0
B01AX,60.730335,4.0,0.8,4.0
B01AX01,60.793674,5.0,1.0,0.0
B01AX04,59.93197,5.0,1.0,0.0
B01AX05,60.09782,5.0,1.0,0.0
B01AX07,60.417774,5.0,1.0,0.0
B02,69.054565,2.0,0.4,55.0
B02A,57.96719,3.0,0.6,9.0
B02AA,57.971252,4.0,0.8,3.0
B02AA01,57.750984,5.0,1.0,0.0
B02AA02,57.057877,5.0,1.0,0.0
B02AA03,57.831818,5.0,1.0,0.0
B02AB,57.662167,4.0,0.8,4.0
B02AB01,58.27693,5.0,1.0,0.0
B02AB02,56.63349,5.0,1.0,0.0
B02AB04,57.802998,5.0,1.0,0.0
B02AB05,56.619724,5.0,1.0,0.0
B02B,75.56889,3.0,0.6,44.0
B02BA,76.7882,4.0,0.8,2.0
B02BA01,75.52043,5.0,1.0,0.0
B02BA02,76.893936,5.0,1.0,0.0
B02BB,63.708103,4.0,0.8,1.0
B02BB01,63.747337,5.0,1.0,0.0
B02BC,79.01109,4.0,0.8,9.0
B02BC01,77.430855,5.0,1.0,0.0
B02BC02,76.11038,5.0,1.0,0.0
B02BC03,78.3779,5.0,1.0,0.0
B02BC05,75.203,5.0,1.0,0.0
B02BC06,78.29316,5.0,1.0,0.0
B02BC07,78.40283,5.0,1.0,0.0
B02BC08,75.81988,5.0,1.0,0.0
B02BC09,77.668465,5.0,1.0,0.0
B02BC30,80.3557,5.0,1.0,0.0
B02BD,79.505135,4.0,0.8,16.0
B02BD01,78.314255,5.0,1.0,0.0
B02BD02,79.34569,5.0,1.0,0.0
B02BD03,82.573135,5.0,1.0,0.0
B02BD04,76.15666,5.0,1.0,0.0
B02BD05,75.161316,5.0,1.0,0.0
B02BD06,76.950096,5.0,1.0,0.0
B02BD07,78.94443,5.0,1.0,0.0
B02BD08,74.82406,5.0,1.0,0.0
B02BD10,76.45304,5.0,1.0,0.0
B02BD11,81.40536,5.0,1.0,0.0
B02BD13,72.075035,5.0,1.0,0.0
B02BD14,77.541595,5.0,1.0,0.0
B02BD15,74.43975,5.0,1.0,0.0
B02BD16,76.5802,5.0,1.0,0.0
B02BD17,76.94304,5.0,1.0,0.0
B02BD30,72.54583,5.0,1.0,0.0
B02BX,78.86029,4.0,0.8,11.0
B02BX01,77.55556,5.0,1.0,0.0
B02BX02,79.57904,5.0,1.0,0.0
B02BX03,77.20725,5.0,1.0,0.0
B02BX04,78.6381,5.0,1.0,0.0
B02BX05,75.793304,5.0,1.0,0.0
B02BX06,76.83955,5.0,1.0,0.0
B02BX07,80.16382,5.0,1.0,0.0
B02BX08,74.42706,5.0,1.0,0.0
B02BX09,73.461754,5.0,1.0,0.0
B02BX10,79.71997,5.0,1.0,0.0
B02BX11,79.44062,5.0,1.0,0.0
B03,35.004395,2.0,0.4,61.0
B03A,44.704563,3.0,0.6,36.0
B03AA,44.44335,4.0,0.8,12.0
B03AA01,42.554253,5.0,1.0,0.0
B03AA02,44.803135,5.0,1.0,0.0
B03AA03,44.170803,5.0,1.0,0.0
B03AA04,42.55868,5.0,1.0,0.0
B03AA05,45.34397,5.0,1.0,0.0
B03AA06,45.161858,5.0,1.0,0.0
B03AA07,43.33026,5.0,1.0,0.0
B03AA08,40.62652,5.0,1.0,0.0
B03AA09,43.27615,5.0,1.0,0.0
B03AA10,45.521038,5.0,1.0,0.0
B03AA11,44.11915,5.0,1.0,0.0
B03AA12,44.246574,5.0,1.0,0.0
B03AB,47.67537,4.0,0.8,9.0
B03AB01,47.49779,5.0,1.0,0.0
B03AB02,46.796986,5.0,1.0,0.0
B03AB03,47.665188,5.0,1.0,0.0
B03AB04,48.40244,5.0,1.0,0.0
B03AB05,47.642227,5.0,1.0,0.0
B03AB07,45.920662,5.0,1.0,0.0
B03AB08,46.060986,5.0,1.0,0.0
B03AB09,45.620472,5.0,1.0,0.0
B03AB10,47.098114,5.0,1.0,0.0
B03AC,34.092518,4.0,1.0,0.0
B03AD,42.02723,4.0,0.8,5.0
B03AD01,42.138973,5.0,1.0,0.0
B03AD02,41.642796,5.0,1.0,0.0
B03AD03,41.132584,5.0,1.0,0.0
B03AD04,42.076466,5.0,1.0,0.0
B03AD05,41.258457,5.0,1.0,0.0
B03AE,41.700104,4.0,0.8,5.0
B03AE01,40.749596,5.0,1.0,0.0
B03AE02,41.507698,5.0,1.0,0.0
B03AE03,40.825623,5.0,1.0,0.0
B03AE04,41.394905,5.0,1.0,0.0
B03AE10,41.76288,5.0,1.0,0.0
B03B,46.6448,3.0,0.6,11.0
B03BA,46.3513,4.0,0.8,7.0
B03BA01,45.54334,5.0,1.0,0.0
B03BA02,46.233616,5.0,1.0,0.0
B03BA03,46.215244,5.0,1.0,0.0
B03BA04,46.21338,5.0,1.0,0.0
B03BA05,45.94232,5.0,1.0,0.0
B03BA51,45.87565,5.0,1.0,0.0
B03BA53,45.839596,5.0,1.0,0.0
B03BB,43.687584,4.0,0.8,2.0
B03BB01,43.95688,5.0,1.0,0.0
B03BB51,43.525345,5.0,1.0,0.0
B03X,50.111347,3.0,0.6,11.0
B03XA,49.883003,4.0,0.8,10.0
B03XA01,49.612633,5.0,1.0,0.0
B03XA02,48.252354,5.0,1.0,0.0
B03XA03,49.383053,5.0,1.0,0.0
B03XA04,46.510265,5.0,1.0,0.0
B03XA05,49.82843,5.0,1.0,0.0
B03XA06,48.568,5.0,1.0,0.0
B03XA07,49.963425,5.0,1.0,0.0
B03XA08,49.239414,5.0,1.0,0.0
B03XA09,50.000504,5.0,1.0,0.0
B03XA10,49.901024,5.0,1.0,0.0
B05,38.35992,2.0,0.4,92.0
B05A,61.12469,3.0,0.6,15.0
B05AA,61.206467,4.0,0.8,9.0
B05AA01,58.04721,5.0,1.0,0.0
B05AA02,59.440872,5.0,1.0,0.0
B05AA03,60.55786,5.0,1.0,0.0
B05AA05,61.64884,5.0,1.0,0.0
B05AA06,62.755447,5.0,1.0,0.0
B05AA07,60.288185,5.0,1.0,0.0
B05AA08,59.567883,5.0,1.0,0.0
B05AA09,61.157433,5.0,1.0,0.0
B05AA10,59.11954,5.0,1.0,0.0
B05AX,58.54709,4.0,0.8,4.0
B05AX01,58.05648,5.0,1.0,0.0
B05AX02,57.367756,5.0,1.0,0.0
B05AX03,58.459476,5.0,1.0,0.0
B05AX04,58.039406,5.0,1.0,0.0
B05B,71.50598,3.0,0.6,14.0
B05BA,71.76628,4.0,0.8,5.0
B05BA01,69.63898,5.0,1.0,0.0
B05BA02,71.78244,5.0,1.0,0.0
B05BA03,72.53316,5.0,1.0,0.0
B05BA04,71.25301,5.0,1.0,0.0
B05BA10,69.78181,5.0,1.0,0.0
B05BB,67.65247,4.0,0.8,4.0
B05BB01,67.587036,5.0,1.0,0.0
B05BB02,66.53711,5.0,1.0,0.0
B05BB03,66.63941,5.0,1.0,0.0
B05BB04,67.52415,5.0,1.0,0.0
B05BC,66.42573,4.0,0.8,2.0
B05BC01,64.54095,5.0,1.0,0.0
B05BC02,66.35188,5.0,1.0,0.0
B05C,70.369804,3.0,0.6,23.0
B05CA,71.60569,4.0,0.8,10.0
B05CA01,69.233376,5.0,1.0,0.0
B05CA02,70.79216,5.0,1.0,0.0
B05CA03,71.875206,5.0,1.0,0.0
B05CA04,70.26432,5.0,1.0,0.0
B05CA05,72.26141,5.0,1.0,0.0
B05CA06,71.18569,5.0,1.0,0.0
B05CA07,69.91709,5.0,1.0,0.0
B05CA08,68.44228,5.0,1.0,0.0
B05CA09,70.759094,5.0,1.0,0.0
B05CA10,71.7339,5.0,1.0,0.0
B05CB,63.829147,4.0,0.8,5.0
B05CB01,63.91698,5.0,1.0,0.0
B05CB02,62.88714,5.0,1.0,0.0
B05CB03,62.29194,5.0,1.0,0.0
B05CB04,63.67162,5.0,1.0,0.0
B05CB10,64.0172,5.0,1.0,0.0
B05CX,62.386017,4.0,0.8,5.0
B05CX01,62.020603,5.0,1.0,0.0
B05CX02,60.134167,5.0,1.0,0.0
B05CX03,62.494514,5.0,1.0,0.0
B05CX04,62.359,5.0,1.0,0.0
B05CX10,61.242695,5.0,1.0,0.0
B05D,65.722984,3.0,0.75,2.0
B05DA,65.38511,4.0,1.0,0.0
B05DB,65.87369,4.0,1.0,0.0
B05X,71.06157,3.0,0.6,30.0
B05XA,72.35055,4.0,0.8,22.0
B05XA01,70.03211,5.0,1.0,0.0
B05XA02,71.91275,5.0,1.0,0.0
B05XA03,68.4865,5.0,1.0,0.0
B05XA04,72.06153,5.0,1.0,0.0
B05XA05,72.153824,5.0,1.0,0.0
B05XA06,69.73508,5.0,1.0,0.0
B05XA07,73.646324,5.0,1.0,0.0
B05XA08,61.92402,5.0,1.0,0.0
B05XA09,72.27885,5.0,1.0,0.0
B05XA10,68.73294,5.0,1.0,0.0
B05XA11,71.78486,5.0,1.0,0.0
B05XA12,70.99521,5.0,1.0,0.0
B05XA13,71.77324,5.0,1.0,0.0
B05XA14,66.884636,5.0,1.0,0.0
B05XA15,71.97576,5.0,1.0,0.0
B05XA16,72.17183,5.0,1.0,0.0
B05XA17,65.80278,5.0,1.0,0.0
B05XA18,69.90724,5.0,1.0,0.0
B05XA19,72.63893,5.0,1.0,0.0
B05XA20,68.38135,5.0,1.0,0.0
B05XA30,60.343185,5.0,1.0,0.0
B05XA31,69.650955,5.0,1.0,0.0
B05XB,58.02153,4.0,0.8,3.0
B05XB01,57.346264,5.0,1.0,0.0
B05XB02,58.381027,5.0,1.0,0.0
B05XB03,57.355488,5.0,1.0,0.0
B05XC,53.93748,4.0,1.0,0.0
B05XX,65.0081,4.0,0.8,1.0
B05XX02,64.4966,5.0,1.0,0.0
B05Z,67.38628,3.0,0.75,2.0
B05ZA,66.797295,4.0,1.0,0.0
B05ZB,67.452415,4.0,1.0,0.0
B06,35.847324,2.0,0.4,25.0
B06A,35.799194,3.0,0.6,24.0
B06AA,29.670574,4.0,0.8,6.0
B06AA02,29.218927,5.0,1.0,0.0
B06AA03,29.383436,5.0,1.0,0.0
B06AA04,30.035032,5.0,1.0,0.0
B06AA07,30.109674,5.0,1.0,0.0
B06AA10,28.141333,5.0,1.0,0.0
B06AA55,29.89567,5.0,1.0,0.0
B06AB,32.05697,4.0,0.8,1.0
B06AB01,31.96452,5.0,1.0,0.0
B06AC,36.942104,4.0,0.8,8.0
B06AC01,37.539654,5.0,1.0,0.0
B06AC02,35.524075,5.0,1.0,0.0
B06AC03,36.115223,5.0,1.0,0.0
B06AC04,36.687984,5.0,1.0,0.0
B06AC05,35.794807,5.0,1.0,0.0
B06AC06,37.363834,5.0,1.0,0.0
B06AC07,36.98358,5.0,1.0,0.0
B06AC08,36.84137,5.0,1.0,0.0
B06AX,38.605556,4.0,0.8,5.0
B06AX01,38.36616,5.0,1.0,0.0
B06AX02,38.47331,5.0,1.0,0.0
B06AX03,38.71997,5.0,1.0,0.0
B06AX04,37.414303,5.0,1.0,0.0
B06AX05,37.99432,5.0,1.0,0.0
C,7.478294,1.0,0.2,819.0
C01,35.569843,2.0,0.4,168.0
C01A,67.90342,3.0,0.6,19.0
C01AA,67.78067,4.0,0.8,10.0
C01AA01,66.05913,5.0,1.0,0.0
C01AA02,68.015335,5.0,1.0,0.0
C01AA03,66.06072,5.0,1.0,0.0
C01AA04,67.57484,5.0,1.0,0.0
C01AA05,67.509224,5.0,1.0,0.0
C01AA06,68.59829,5.0,1.0,0.0
C01AA07,66.3169,5.0,1.0,0.0
C01AA08,64.7837,5.0,1.0,0.0
C01AA09,67.37712,5.0,1.0,0.0
C01AA52,67.12893,5.0,1.0,0.0
C01AB,66.72877,4.0,0.8,2.0
C01AB01,67.11576,5.0,1.0,0.0
C01AB51,66.30953,5.0,1.0,0.0
C01AC,65.47135,4.0,0.8,2.0
C01AC01,65.207405,5.0,1.0,0.0
C01AC03,64.83287,5.0,1.0,0.0
C01AX,61.86563,4.0,0.8,1.0
C01AX02,61.701206,5.0,1.0,0.0
C01B,75.169365,3.0,0.6,34.0
C01BA,77.97521,4.0,0.8,10.0
C01BA01,77.19777,5.0,1.0,0.0
C01BA02,78.54449,5.0,1.0,0.0
C01BA03,78.23317,5.0,1.0,0.0
C01BA04,79.23752,5.0,1.0,0.0
C01BA05,77.03083,5.0,1.0,0.0
C01BA08,74.08322,5.0,1.0,0.0
C01BA12,75.56159,5.0,1.0,0.0
C01BA13,73.65234,5.0,1.0,0.0
C01BA51,77.15468,5.0,1.0,0.0
C01BA71,75.093575,5.0,1.0,0.0
C01BB,76.09779,4.0,0.8,4.0
C01BB01,73.86604,5.0,1.0,0.0
C01BB02,75.60981,5.0,1.0,0.0
C01BB03,75.47519,5.0,1.0,0.0
C01BB04,74.88284,5.0,1.0,0.0
C01BC,74.576324,4.0,0.8,5.0
C01BC03,74.86662,5.0,1.0,0.0
C01BC04,72.973045,5.0,1.0,0.0
C01BC07,73.05263,5.0,1.0,0.0
C01BC08,72.72912,5.0,1.0,0.0
C01BC09,73.7075,5.0,1.0,0.0
C01BD,74.62615,4.0,0.8,7.0
C01BD01,74.23149,5.0,1.0,0.0
C01BD02,73.675575,5.0,1.0,0.0
C01BD03,74.764275,5.0,1.0,0.0
C01BD04,73.331276,5.0,1.0,0.0
C01BD05,73.59706,5.0,1.0,0.0
C01BD06,73.728935,5.0,1.0,0.0
C01BD07,73.86962,5.0,1.0,0.0
C01BG,78.080826,4.0,0.8,3.0
C01BG01,77.073845,5.0,1.0,0.0
C01BG07,76.43986,5.0,1.0,0.0
C01BG11,77.121605,5.0,1.0,0.0
C01C,85.87272,3.0,0.6,41.0
C01CA,88.68663,4.0,0.8,29.0
C01CA01,74.32527,5.0,1.0,0.0
C01CA02,88.90561,5.0,1.0,0.0
C01CA03,87.71367,5.0,1.0,0.0
C01CA04,81.93333,5.0,1.0,0.0
C01CA05,83.514435,5.0,1.0,0.0
C01CA06,84.96625,5.0,1.0,0.0
C01CA07,83.482925,5.0,1.0,0.0
C01CA08,93.648346,5.0,1.0,0.0
C01CA09,88.64534,5.0,1.0,0.0
C01CA10,82.99871,5.0,1.0,0.0
C01CA11,87.93491,5.0,1.0,0.0
C01CA12,87.3269,5.0,1.0,0.0
C01CA13,87.74053,5.0,1.0,0.0
C01CA14,89.40062,5.0,1.0,0.0
C01CA15,82.610695,5.0,1.0,0.0
C01CA16,88.78712,5.0,1.0,0.0
C01CA17,77.59197,5.0,1.0,0.0
C01CA18,73.348076,5.0,1.0,0.0
C01CA19,76.30756,5.0,1.0,0.0
C01CA21,88.624504,5.0,1.0,0.0
C01CA22,90.16461,5.0,1.0,0.0
C01CA23,86.52842,5.0,1.0,0.0
C01CA24,87.18252,5.0,1.0,0.0
C01CA25,88.44822,5.0,1.0,0.0
C01CA26,86.461655,5.0,1.0,0.0
C01CA27,73.8285,5.0,1.0,0.0
C01CA28,86.416405,5.0,1.0,0.0
C01CA30,90.462265,5.0,1.0,0.0
C01CA51,81.21547,5.0,1.0,0.0
C01CE,72.16224,4.0,0.8,4.0
C01CE01,72.68208,5.0,1.0,0.0
C01CE02,71.91299,5.0,1.0,0.0
C01CE03,70.7097,5.0,1.0,0.0
C01CE04,70.784874,5.0,1.0,0.0
C01CX,86.845894,4.0,0.8,5.0
C01CX06,85.455826,5.0,1.0,0.0
C01CX07,84.61055,5.0,1.0,0.0
C01CX08,85.569855,5.0,1.0,0.0
C01CX09,86.115776,5.0,1.0,0.0
C01CX10,85.56432,5.0,1.0,0.0
C01D,91.5361,3.0,0.6,46.0
C01DA,85.75151,4.0,0.8,18.0
C01DA02,83.59854,5.0,1.0,0.0
C01DA04,81.44331,5.0,1.0,0.0
C01DA05,79.977844,5.0,1.0,0.0
C01DA07,87.43687,5.0,1.0,0.0
C01DA08,78.11114,5.0,1.0,0.0
C01DA09,85.69911,5.0,1.0,0.0
C01DA13,85.14345,5.0,1.0,0.0
C01DA14,83.347916,5.0,1.0,0.0
C01DA20,79.609886,5.0,1.0,0.0
C01DA38,85.17363,5.0,1.0,0.0
C01DA52,79.9028,5.0,1.0,0.0
C01DA54,88.58803,5.0,1.0,0.0
C01DA55,74.74585,5.0,1.0,0.0
C01DA57,73.36377,5.0,1.0,0.0
C01DA58,83.79625,5.0,1.0,0.0
C01DA59,86.46264,5.0,1.0,0.0
C01DA63,80.84661,5.0,1.0,0.0
C01DA70,80.364944,5.0,1.0,0.0
C01DB,59.17986,4.0,0.8,1.0
C01DB01,59.17629,5.0,1.0,0.0
C01DX,101.48223,4.0,0.8,24.0
C01DX01,97.867966,5.0,1.0,0.0
C01DX02,92.439865,5.0,1.0,0.0
C01DX03,96.19021,5.0,1.0,0.0
C01DX04,99.1333,5.0,1.0,0.0
C01DX05,101.04566,5.0,1.0,0.0
C01DX06,100.63043,5.0,1.0,0.0
C01DX07,91.901054,5.0,1.0,0.0
C01DX08,98.66585,5.0,1.0,0.0
C01DX09,95.416214,5.0,1.0,0.0
C01DX10,90.72609,5.0,1.0,0.0
C01DX11,92.708244,5.0,1.0,0.0
C01DX12,102.18006,5.0,1.0,0.0
C01DX13,104.036896,5.0,1.0,0.0
C01DX14,90.9196,5.0,1.0,0.0
C01DX15,101.357994,5.0,1.0,0.0
C01DX16,95.34117,5.0,1.0,0.0
C01DX18,105.73046,5.0,1.0,0.0
C01DX19,104.18776,5.0,1.0,0.0
C01DX21,98.17688,5.0,1.0,0.0
C01DX22,97.23923,5.0,1.0,0.0
C01DX51,89.46065,5.0,1.0,0.0
C01DX52,89.083855,5.0,1.0,0.0
C01DX53,102.18764,5.0,1.0,0.0
C01DX54,103.03728,5.0,1.0,0.0
C01E,81.66482,3.0,0.6,23.0
C01EA,68.79725,4.0,0.8,1.0
C01EA01,68.97544,5.0,1.0,0.0
C01EB,83.23149,4.0,0.8,19.0
C01EB02,80.81266,5.0,1.0,0.0
C01EB03,73.80232,5.0,1.0,0.0
C01EB04,81.6673,5.0,1.0,0.0
C01EB05,77.19028,5.0,1.0,0.0
C01EB06,75.591324,5.0,1.0,0.0
C01EB07,82.73552,5.0,1.0,0.0
C01EB09,79.31734,5.0,1.0,0.0
C01EB10,71.19524,5.0,1.0,0.0
C01EB11,80.06762,5.0,1.0,0.0
C01EB13,79.051994,5.0,1.0,0.0
C01EB15,84.45547,5.0,1.0,0.0
C01EB16,78.32892,5.0,1.0,0.0
C01EB17,82.57543,5.0,1.0,0.0
C01EB18,81.16102,5.0,1.0,0.0
C01EB21,74.46431,5.0,1.0,0.0
C01EB22,82.26904,5.0,1.0,0.0
C01EB23,83.095024,5.0,1.0,0.0
C01EB24,82.06429,5.0,1.0,0.0
C01EB25,87.11138,5.0,1.0,0.0
C01EX,57.071007,4.0,1.0,0.0
C02,25.606035,2.0,0.4,113.0
C02A,58.974937,3.0,0.6,20.0
C02AA,59.927174,4.0,0.8,10.0
C02AA01,59.65917,5.0,1.0,0.0
C02AA02,58.68637,5.0,1.0,0.0
C02AA03,57.67353,5.0,1.0,0.0
C02AA04,58.872402,5.0,1.0,0.0
C02AA05,59.028835,5.0,1.0,0.0
C02AA06,60.108322,5.0,1.0,0.0
C02AA07,56.739426,5.0,1.0,0.0
C02AA52,60.48803,5.0,1.0,0.0
C02AA53,59.81588,5.0,1.0,0.0
C02AA57,58.692753,5.0,1.0,0.0
C02AB,50.26294,4.0,0.8,2.0
C02AB01,50.942444,5.0,1.0,0.0
C02AB02,49.709194,5.0,1.0,0.0
C02AC,52.387794,4.0,0.8,5.0
C02AC01,51.108166,5.0,1.0,0.0
C02AC02,52.568314,5.0,1.0,0.0
C02AC04,52.198,5.0,1.0,0.0
C02AC05,52.77404,5.0,1.0,0.0
C02AC06,51.916058,5.0,1.0,0.0
C02B,51.72634,3.0,0.6,5.0
C02BA,51.44107,4.0,0.8,1.0
C02BA01,51.198624,5.0,1.0,0.0
C02BB,51.658043,4.0,0.8,1.0
C02BB01,51.551468,5.0,1.0,0.0
C02BC,48.561222,4.0,1.0,0.0
C02C,46.228664,3.0,0.6,14.0
C02CA,44.172085,4.0,0.8,5.0
C02CA01,44.31063,5.0,1.0,0.0
C02CA02,44.96523,5.0,1.0,0.0
C02CA03,43.542736,5.0,1.0,0.0
C02CA04,43.287937,5.0,1.0,0.0
C02CA06,42.34461,5.0,1.0,0.0
C02CC,45.91857,4.0,0.8,7.0
C02CC01,45.569115,5.0,1.0,0.0
C02CC02,43.30118,5.0,1.0,0.0
C02CC03,45.30581,5.0,1.0,0.0
C02CC04,45.665718,5.0,1.0,0.0
C02CC05,46.288647,5.0,1.0,0.0
C02CC06,46.064262,5.0,1.0,0.0
C02CC07,45.657322,5.0,1.0,0.0
C02D,51.278885,3.0,0.6,13.0
C02DA,47.604397,4.0,0.8,1.0
C02DA01,47.64784,5.0,1.0,0.0
C02DB,52.028133,4.0,0.8,4.0
C02DB01,51.04456,5.0,1.0,0.0
C02DB02,51.689857,5.0,1.0,0.0
C02DB03,51.383984,5.0,1.0,0.0
C02DB04,51.253098,5.0,1.0,0.0
C02DC,48.961315,4.0,0.8,1.0
C02DC01,49.521492,5.0,1.0,0.0
C02DD,46.003796,4.0,0.8,1.0
C02DD01,46.10678,5.0,1.0,0.0
C02DG,46.621307,4.0,0.8,1.0
C02DG01,46.540466,5.0,1.0,0.0
C02K,45.661385,3.0,0.6,19.0
C02KA,41.07707,4.0,0.8,1.0
C02KA01,40.57256,5.0,1.0,0.0
C02KB,39.71189,4.0,0.8,1.0
C02KB01,39.827526,5.0,1.0,0.0
C02KC,40.718723,4.0,0.8,1.0
C02KC01,41.28599,5.0,1.0,0.0
C02KD,41.35929,4.0,0.8,1.0
C02KD01,41.32178,5.0,1.0,0.0
C02KN,42.921986,4.0,0.8,1.0
C02KN01,42.581753,5.0,1.0,0.0
C02KX,45.916233,4.0,0.8,8.0
C02KX01,45.293995,5.0,1.0,0.0
C02KX02,45.650623,5.0,1.0,0.0
C02KX03,46.005863,5.0,1.0,0.0
C02KX04,45.993454,5.0,1.0,0.0
C02KX05,46.002888,5.0,1.0,0.0
C02KX06,44.701138,5.0,1.0,0.0
C02KX52,45.16576,5.0,1.0,0.0
C02KX54,45.412624,5.0,1.0,0.0
C02L,51.525715,3.0,0.6,35.0
C02LA,52.858963,4.0,0.8,11.0
C02LA01,52.11498,5.0,1.0,0.0
C02LA02,50.98298,5.0,1.0,0.0
C02LA03,52.1463,5.0,1.0,0.0
C02LA04,52.59182,5.0,1.0,0.0
C02LA07,53.318424,5.0,1.0,0.0
C02LA08,52.108795,5.0,1.0,0.0
C02LA09,51.884644,5.0,1.0,0.0
C02LA50,52.62841,5.0,1.0,0.0
C02LA51,51.583164,5.0,1.0,0.0
C02LA52,52.334755,5.0,1.0,0.0
C02LA71,53.867016,5.0,1.0,0.0
C02LB,48.21794,4.0,0.8,1.0
C02LB01,48.241825,5.0,1.0,0.0
C02LC,43.96178,4.0,0.8,3.0
C02LC01,44.354115,5.0,1.0,0.0
C02LC05,43.36461,5.0,1.0,0.0
C02LC51,43.382225,5.0,1.0,0.0
C02LE,48.235874,4.0,0.8,1.0
C02LE01,48.49614,5.0,1.0,0.0
C02LF,41.370323,4.0,0.8,1.0
C02LF01,41.642326,5.0,1.0,0.0
C02LG,51.007812,4.0,0.8,5.0
C02LG01,50.23067,5.0,1.0,0.0
C02LG02,50.461124,5.0,1.0,0.0
C02LG03,50.237083,5.0,1.0,0.0
C02LG51,49.874676,5.0,1.0,0.0
C02LG73,51.172024,5.0,1.0,0.0
C02LK,38.46144,4.0,0.8,1.0
C02LK01,38.538662,5.0,1.0,0.0
C02LL,47.89263,4.0,0.8,1.0
C02LL01,47.70729,5.0,1.0,0.0
C02LN,41.241806,4.0,1.0,0.0
C02LX,47.006485,4.0,0.8,1.0
C02LX01,46.661774,5.0,1.0,0.0
C02N,46.962933,3.0,1.0,0.0
C03,27.877157,2.0,0.4,99.0
C03A,52.54505,3.0,0.6,26.0
C03AA,55.413406,4.0,0.8,10.0
C03AA01,54.698143,5.0,1.0,0.0
C03AA02,54.989853,5.0,1.0,0.0
C03AA03,53.988617,5.0,1.0,0.0
C03AA04,52.642426,5.0,1.0,0.0
C03AA05,55.836327,5.0,1.0,0.0
C03AA06,55.26277,5.0,1.0,0.0
C03AA07,52.86225,5.0,1.0,0.0
C03AA08,55.545864,5.0,1.0,0.0
C03AA09,53.211906,5.0,1.0,0.0
C03AA13,54.475555,5.0,1.0,0.0
C03AB,50.504456,4.0,0.8,9.0
C03AB01,49.663242,5.0,1.0,0.0
C03AB02,49.716663,5.0,1.0,0.0
C03AB03,50.65388,5.0,1.0,0.0
C03AB04,49.889503,5.0,1.0,0.0
C03AB05,47.443157,5.0,1.0,0.0
C03AB06,50.585625,5.0,1.0,0.0
C03AB07,50.606438,5.0,1.0,0.0
C03AB08,50.299927,5.0,1.0,0.0
C03AB09,49.296307,5.0,1.0,0.0
C03AH,39.15635,4.0,0.8,2.0
C03AH01,38.721092,5.0,1.0,0.0
C03AH02,38.853367,5.0,1.0,0.0
C03AX,35.547836,4.0,0.8,1.0
C03AX01,35.983128,5.0,1.0,0.0
C03B,46.084267,3.0,0.6,26.0
C03BA,47.52105,4.0,0.8,12.0
C03BA02,43.765987,5.0,1.0,0.0
C03BA03,48.06016,5.0,1.0,0.0
C03BA04,46.57969,5.0,1.0,0.0
C03BA05,45.7605,5.0,1.0,0.0
C03BA07,46.24193,5.0,1.0,0.0
C03BA08,47.08772,5.0,1.0,0.0
C03BA09,46.904327,5.0,1.0,0.0
C03BA10,47.418087,5.0,1.0,0.0
C03BA11,47.343353,5.0,1.0,0.0
C03BA12,45.07567,5.0,1.0,0.0
C03BA13,45.379124,5.0,1.0,0.0
C03BA82,46.256596,5.0,1.0,0.0
C03BB,41.45044,4.0,0.8,5.0
C03BB02,41.168728,5.0,1.0,0.0
C03BB03,42.160233,5.0,1.0,0.0
C03BB04,40.779804,5.0,1.0,0.0
C03BB05,41.526245,5.0,1.0,0.0
C03BB07,41.198814,5.0,1.0,0.0
C03BC,41.13197,4.0,0.8,1.0
C03BC01,41.414104,5.0,1.0,0.0
C03BD,36.18514,4.0,0.8,1.0
C03BD01,36.240658,5.0,1.0,0.0
C03BK,36.83452,4.0,1.0,0.0
C03BX,36.67044,4.0,0.8,1.0
C03BX03,36.733707,5.0,1.0,0.0
C03C,46.866203,3.0,0.6,15.0
C03CA,47.094448,4.0,0.8,4.0
C03CA01,47.193314,5.0,1.0,0.0
C03CA02,47.366585,5.0,1.0,0.0
C03CA03,46.5449,5.0,1.0,0.0
C03CA04,46.2937,5.0,1.0,0.0
C03CB,44.19628,4.0,0.8,2.0
C03CB01,44.279507,5.0,1.0,0.0
C03CB02,43.66407,5.0,1.0,0.0
C03CC,42.916134,4.0,0.8,2.0
C03CC01,42.7508,5.0,1.0,0.0
C03CC02,43.257366,5.0,1.0,0.0
C03CD,41.958176,4.0,0.8,1.0
C03CD01,41.83233,5.0,1.0,0.0
C03CX,44.991222,4.0,0.8,1.0
C03CX01,45.181015,5.0,1.0,0.0
C03D,52.29057,3.0,0.6,9.0
C03DA,52.854034,4.0,0.8,5.0
C03DA01,52.18391,5.0,1.0,0.0
C03DA02,51.7697,5.0,1.0,0.0
C03DA03,52.375156,5.0,1.0,0.0
C03DA04,51.9112,5.0,1.0,0.0
C03DA05,52.34273,5.0,1.0,0.0
C03DB,48.919716,4.0,0.8,2.0
C03DB01,48.913795,5.0,1.0,0.0
C03DB02,48.407467,5.0,1.0,0.0
C03E,55.142876,3.0,0.6,14.0
C03EA,55.38685,4.0,0.8,10.0
C03EA01,53.866352,5.0,1.0,0.0
C03EA02,54.488132,5.0,1.0,0.0
C03EA03,53.85694,5.0,1.0,0.0
C03EA04,56.266624,5.0,1.0,0.0
C03EA05,55.772747,5.0,1.0,0.0
C03EA06,54.39307,5.0,1.0,0.0
C03EA07,53.936764,5.0,1.0,0.0
C03EA12,53.42412,5.0,1.0,0.0
C03EA13,55.105785,5.0,1.0,0.0
C03EA14,55.238068,5.0,1.0,0.0
C03EB,45.645912,4.0,0.8,2.0
C03EB01,45.57641,5.0,1.0,0.0
C03EB02,45.623894,5.0,1.0,0.0
C03X,52.68325,3.0,0.6,3.0
C03XA,52.678734,4.0,0.8,2.0
C03XA01,52.899563,5.0,1.0,0.0
C03XA02,52.295506,5.0,1.0,0.0
C04,33.174873,2.0,0.4,44.0
C04A,33.275497,3.0,0.6,43.0
C04AA,32.742863,4.0,0.8,3.0
C04AA01,32.327827,5.0,1.0,0.0
C04AA02,32.58751,5.0,1.0,0.0
C04AA31,32.60455,5.0,1.0,0.0
C04AB,28.402716,4.0,0.8,2.0
C04AB01,28.461586,5.0,1.0,0.0
C04AB02,28.316225,5.0,1.0,0.0
C04AC,35.20163,4.0,0.8,4.0
C04AC01,34.92154,5.0,1.0,0.0
C04AC02,34.89636,5.0,1.0,0.0
C04AC03,35.101543,5.0,1.0,0.0
C04AC07,34.91023,5.0,1.0,0.0
C04AD,34.202366,4.0,0.8,4.0
C04AD01,33.651596,5.0,1.0,0.0
C04AD02,34.007816,5.0,1.0,0.0
C04AD03,33.602917,5.0,1.0,0.0
C04AD04,34.009365,5.0,1.0,0.0
C04AE,36.184937,4.0,0.8,5.0
C04AE01,35.495552,5.0,1.0,0.0
C04AE02,36.8526,5.0,1.0,0.0
C04AE04,35.418095,5.0,1.0,0.0
C04AE51,35.65859,5.0,1.0,0.0
C04AE54,35.923122,5.0,1.0,0.0
C04AF,31.35284,4.0,0.8,1.0
C04AF01,31.421358,5.0,1.0,0.0
C04AX,34.196644,4.0,0.8,17.0
C04AX01,35.088097,5.0,1.0,0.0
C04AX02,33.905144,5.0,1.0,0.0
C04AX07,34.32383,5.0,1.0,0.0
C04AX10,33.2163,5.0,1.0,0.0
C04AX11,33.271004,5.0,1.0,0.0
C04AX17,36.586502,5.0,1.0,0.0
C04AX19,35.065662,5.0,1.0,0.0
C04AX20,33.535164,5.0,1.0,0.0
C04AX21,34.08827,5.0,1.0,0.0
C04AX23,34.160988,5.0,1.0,0.0
C04AX24,32.992554,5.0,1.0,0.0
C04AX26,32.155827,5.0,1.0,0.0
C04AX27,33.66368,5.0,1.0,0.0
C04AX28,33.400272,5.0,1.0,0.0
C04AX30,33.72858,5.0,1.0,0.0
C04AX32,33.51138,5.0,1.0,0.0
C04AX33,33.991676,5.0,1.0,0.0
C05,35.15641,2.0,0.4,66.0
C05A,49.4867,3.0,0.6,30.0
C05AA,50.637543,4.0,0.8,9.0
C05AA01,50.63353,5.0,1.0,0.0
C05AA04,50.68261,5.0,1.0,0.0
C05AA05,50.222202,5.0,1.0,0.0
C05AA06,49.669205,5.0,1.0,0.0
C05AA08,49.421776,5.0,1.0,0.0
C05AA09,50.651543,5.0,1.0,0.0
C05AA10,52.11044,5.0,1.0,0.0
C05AA11,50.121536,5.0,1.0,0.0
C05AA12,48.960854,5.0,1.0,0.0
C05AB,40.47097,4.0,1.0,0.0
C05AD,45.42195,4.0,0.8,7.0
C05AD01,44.466385,5.0,1.0,0.0
C05AD02,44.796333,5.0,1.0,0.0
C05AD03,45.90584,5.0,1.0,0.0
C05AD04,45.663708,5.0,1.0,0.0
C05AD05,44.00951,5.0,1.0,0.0
C05AD06,44.455154,5.0,1.0,0.0
C05AD07,44.65765,5.0,1.0,0.0
C05AE,39.89158,4.0,0.8,3.0
C05AE01,39.61536,5.0,1.0,0.0
C05AE02,39.96114,5.0,1.0,0.0
C05AE03,39.781116,5.0,1.0,0.0
C05AX,48.868774,4.0,0.8,6.0
C05AX01,48.652626,5.0,1.0,0.0
C05AX02,47.64353,5.0,1.0,0.0
C05AX03,47.907223,5.0,1.0,0.0
C05AX04,49.252934,5.0,1.0,0.0
C05AX05,49.42331,5.0,1.0,0.0
C05AX06,47.45043,5.0,1.0,0.0
C05B,49.773666,3.0,0.6,17.0
C05BA,48.704605,4.0,0.8,6.0
C05BA01,47.93716,5.0,1.0,0.0
C05BA02,48.40884,5.0,1.0,0.0
C05BA03,48.376846,5.0,1.0,0.0
C05BA04,48.79323,5.0,1.0,0.0
C05BA51,47.959347,5.0,1.0,0.0
C05BA53,48.421818,5.0,1.0,0.0
C05BB,49.312153,4.0,0.8,6.0
C05BB01,49.452488,5.0,1.0,0.0
C05BB02,48.2906,5.0,1.0,0.0
C05BB03,49.477768,5.0,1.0,0.0
C05BB04,49.954082,5.0,1.0,0.0
C05BB05,48.853195,5.0,1.0,0.0
C05BB56,48.535126,5.0,1.0,0.0
C05BX,42.728382,4.0,0.8,2.0
C05BX01,42.676857,5.0,1.0,0.0
C05BX51,42.496178,5.0,1.0,0.0
C05C,48.432095,3.0,0.6,13.0
C05CA,48.64137,4.0,0.8,8.0
C05CA01,47.917004,5.0,1.0,0.0
C05CA02,48.264797,5.0,1.0,0.0
C05CA03,48.636086,5.0,1.0,0.0
C05CA04,47.745586,5.0,1.0,0.0
C05CA05,48.244404,5.0,1.0,0.0
C05CA51,47.786354,5.0,1.0,0.0
C05CA53,48.51017,5.0,1.0,0.0
C05CA54,48.15911,5.0,1.0,0.0
C05CX,43.83974,4.0,0.8,3.0
C05CX01,43.47294,5.0,1.0,0.0
C05CX02,43.270447,5.0,1.0,0.0
C05CX03,43.830143,5.0,1.0,0.0
C05X,48.23456,3.0,0.6,2.0
C05XX,48.239258,4.0,0.8,1.0
C05XX01,48.25104,5.0,1.0,0.0
C07,39.500282,2.0,0.4,86.0
C07A,61.89366,3.0,0.6,33.0
C07AA,64.684715,4.0,0.8,14.0
C07AA01,66.01952,5.0,1.0,0.0
C07AA02,64.83178,5.0,1.0,0.0
C07AA03,60.797882,5.0,1.0,0.0
C07AA05,61.993973,5.0,1.0,0.0
C07AA06,63.60947,5.0,1.0,0.0
C07AA07,64.71732,5.0,1.0,0.0
C07AA12,62.537956,5.0,1.0,0.0
C07AA14,61.04034,5.0,1.0,0.0
C07AA15,63.77166,5.0,1.0,0.0
C07AA16,61.830727,5.0,1.0,0.0
C07AA17,65.04489,5.0,1.0,0.0
C07AA19,61.88771,5.0,1.0,0.0
C07AA23,61.62969,5.0,1.0,0.0
C07AA27,66.23739,5.0,1.0,0.0
C07AB,55.745792,4.0,0.8,14.0
C07AB01,52.318043,5.0,1.0,0.0
C07AB02,50.748127,5.0,1.0,0.0
C07AB03,55.246574,5.0,1.0,0.0
C07AB04,57.6878,5.0,1.0,0.0
C07AB05,55.292606,5.0,1.0,0.0
C07AB06,54.751064,5.0,1.0,0.0
C07AB07,53.18585,5.0,1.0,0.0
C07AB08,53.254208,5.0,1.0,0.0
C07AB09,55.744907,5.0,1.0,0.0
C07AB10,55.179535,5.0,1.0,0.0
C07AB11,52.242313,5.0,1.0,0.0
C07AB12,56.472736,5.0,1.0,0.0
C07AB13,53.74395,5.0,1.0,0.0
C07AB14,56.0151,5.0,1.0,0.0
C07AG,55.109825,4.0,0.8,2.0
C07AG01,55.098408,5.0,1.0,0.0
C07AG02,54.854527,5.0,1.0,0.0
C07B,63.082832,3.0,0.6,17.0
C07BA,59.637527,4.0,0.8,6.0
C07BA02,59.341297,5.0,1.0,0.0
C07BA05,57.757298,5.0,1.0,0.0
C07BA06,59.969486,5.0,1.0,0.0
C07BA07,59.925472,5.0,1.0,0.0
C07BA12,59.273273,5.0,1.0,0.0
C07BA68,59.70201,5.0,1.0,0.0
C07BB,63.192696,4.0,0.8,7.0
C07BB02,61.994114,5.0,1.0,0.0
C07BB03,60.862415,5.0,1.0,0.0
C07BB04,62.280243,5.0,1.0,0.0
C07BB06,63.169533,5.0,1.0,0.0
C07BB07,62.257317,5.0,1.0,0.0
C07BB12,63.40706,5.0,1.0,0.0
C07BB52,63.229557,5.0,1.0,0.0
C07BG,51.230892,4.0,0.8,1.0
C07BG01,51.359295,5.0,1.0,0.0
C07C,57.93765,3.0,0.6,11.0
C07CA,58.333836,4.0,0.8,4.0
C07CA02,57.931976,5.0,1.0,0.0
C07CA03,57.223892,5.0,1.0,0.0
C07CA17,58.03151,5.0,1.0,0.0
C07CA23,57.140907,5.0,1.0,0.0
C07CB,56.967045,4.0,0.8,3.0
C07CB02,56.431446,5.0,1.0,0.0
C07CB03,56.234333,5.0,1.0,0.0
C07CB53,56.422585,5.0,1.0,0.0
C07CG,55.67621,4.0,0.8,1.0
C07CG01,55.982845,5.0,1.0,0.0
C07D,64.34751,3.0,0.6,4.0
C07DA,63.98587,4.0,0.8,1.0
C07DA06,64.63325,5.0,1.0,0.0
C07DB,63.905376,4.0,0.8,1.0
C07DB01,63.920254,5.0,1.0,0.0
C07E,61.362106,3.0,0.75,2.0
C07EA,61.037083,4.0,1.0,0.0
C07EB,60.800804,4.0,1.0,0.0
C07F,57.82424,3.0,0.6,13.0
C07FB,57.37547,4.0,0.8,5.0
C07FB02,56.947998,5.0,1.0,0.0
C07FB03,55.95205,5.0,1.0,0.0
C07FB07,55.96339,5.0,1.0,0.0
C07FB12,57.894512,5.0,1.0,0.0
C07FB13,58.022697,5.0,1.0,0.0
C07FX,56.95483,4.0,0.8,6.0
C07FX01,56.569046,5.0,1.0,0.0
C07FX02,56.854855,5.0,1.0,0.0
C07FX03,56.34856,5.0,1.0,0.0
C07FX04,56.258957,5.0,1.0,0.0
C07FX05,57.321903,5.0,1.0,0.0
C07FX06,56.8582,5.0,1.0,0.0
C08,36.25678,2.0,0.4,42.0
C08C,38.7994,3.0,0.6,22.0
C08CA,39.0649,4.0,0.8,19.0
C08CA01,36.881153,5.0,1.0,0.0
C08CA02,39.16383,5.0,1.0,0.0
C08CA03,38.363422,5.0,1.0,0.0
C08CA04,37.383495,5.0,1.0,0.0
C08CA05,39.14673,5.0,1.0,0.0
C08CA06,38.91606,5.0,1.0,0.0
C08CA07,39.277443,5.0,1.0,0.0
C08CA08,37.34385,5.0,1.0,0.0
C08CA09,40.0603,5.0,1.0,0.0
C08CA10,37.811607,5.0,1.0,0.0
C08CA11,39.811455,5.0,1.0,0.0
C08CA12,39.7279,5.0,1.0,0.0
C08CA13,36.73943,5.0,1.0,0.0
C08CA14,37.059658,5.0,1.0,0.0
C08CA15,39.12676,5.0,1.0,0.0
C08CA16,35.22367,5.0,1.0,0.0
C08CA17,40.98778,5.0,1.0,0.0
C08CA51,36.855045,5.0,1.0,0.0
C08CA55,38.26044,5.0,1.0,0.0
C08CX,30.094702,4.0,0.8,1.0
C08CX01,30.098759,5.0,1.0,0.0
C08D,35.889038,3.0,0.6,7.0
C08DA,36.222397,4.0,0.8,4.0
C08DA01,35.404697,5.0,1.0,0.0
C08DA02,36.376354,5.0,1.0,0.0
C08DA03,36.348236,5.0,1.0,0.0
C08DA51,35.886517,5.0,1.0,0.0
C08DB,33.664436,4.0,0.8,1.0
C08DB01,33.95791,5.0,1.0,0.0
C08E,40.42278,3.0,0.6,6.0
C08EA,39.959328,4.0,0.8,2.0
C08EA01,39.422436,5.0,1.0,0.0
C08EA02,40.228867,5.0,1.0,0.0
C08EX,40.495434,4.0,0.8,2.0
C08EX01,40.640137,5.0,1.0,0.0
C08EX02,40.101074,5.0,1.0,0.0
C08G,35.71355,3.0,0.6,3.0
C08GA,35.606743,4.0,0.8,2.0
C08GA01,35.393814,5.0,1.0,0.0
C08GA02,35.55219,5.0,1.0,0.0
C09,28.98758,2.0,0.4,100.0
C09A,58.321846,3.0,0.6,17.0
C09AA,58.25658,4.0,0.8,16.0
C09AA01,54.271275,5.0,1.0,0.0
C09AA02,55.26774,5.0,1.0,0.0
C09AA03,50.912743,5.0,1.0,0.0
C09AA04,56.762375,5.0,1.0,0.0
C09AA05,58.70052,5.0,1.0,0.0
C09AA06,52.149498,5.0,1.0,0.0
C09AA07,59.99382,5.0,1.0,0.0
C09AA08,58.62272,5.0,1.0,0.0
C09AA09,57.33837,5.0,1.0,0.0
C09AA10,54.281418,5.0,1.0,0.0
C09AA11,58.172638,5.0,1.0,0.0
C09AA12,57.3035,5.0,1.0,0.0
C09AA13,54.40948,5.0,1.0,0.0
C09AA14,58.800045,5.0,1.0,0.0
C09AA15,56.272434,5.0,1.0,0.0
C09AA16,57.611565,5.0,1.0,0.0
C09B,53.051476,3.0,0.6,31.0
C09BA,55.49166,4.0,0.8,12.0
C09BA01,52.67882,5.0,1.0,0.0
C09BA02,54.27302,5.0,1.0,0.0
C09BA03,54.96245,5.0,1.0,0.0
C09BA04,54.768154,5.0,1.0,0.0
C09BA05,51.23891,5.0,1.0,0.0
C09BA06,55.372528,5.0,1.0,0.0
C09BA07,56.57342,5.0,1.0,0.0
C09BA08,55.00025,5.0,1.0,0.0
C09BA09,53.150963,5.0,1.0,0.0
C09BA12,54.16723,5.0,1.0,0.0
C09BA13,52.927223,5.0,1.0,0.0
C09BA15,56.18276,5.0,1.0,0.0
C09BB,55.399742,4.0,0.8,9.0
C09BB02,53.729557,5.0,1.0,0.0
C09BB03,51.55204,5.0,1.0,0.0
C09BB04,54.126457,5.0,1.0,0.0
C09BB05,54.369873,5.0,1.0,0.0
C09BB06,56.542606,5.0,1.0,0.0
C09BB07,53.304844,5.0,1.0,0.0
C09BB10,54.281357,5.0,1.0,0.0
C09BB12,54.067627,5.0,1.0,0.0
C09BB13,55.562435,5.0,1.0,0.0
C09BX,38.526752,4.0,0.8,7.0
C09BX01,38.54029,5.0,1.0,0.0
C09BX02,38.910305,5.0,1.0,0.0
C09BX03,37.23763,5.0,1.0,0.0
C09BX04,38.912357,5.0,1.0,0.0
C09BX05,38.238556,5.0,1.0,0.0
C09BX06,38.216667,5.0,1.0,0.0
C09BX07,37.455254,5.0,1.0,0.0
C09C,48.774166,3.0,0.6,11.0
C09CA,48.667133,4.0,0.8,10.0
C09CA01,48.06097,5.0,1.0,0.0
C09CA02,47.05364,5.0,1.0,0.0
C09CA03,47.177185,5.0,1.0,0.0
C09CA04,47.80438,5.0,1.0,0.0
C09CA05,48.033134,5.0,1.0,0.0
C09CA06,47.322117,5.0,1.0,0.0
C09CA07,48.98465,5.0,1.0,0.0
C09CA08,47.747623,5.0,1.0,0.0
C09CA09,47.92257,5.0,1.0,0.0
C09CA10,49.450214,5.0,1.0,0.0
C09D,45.22482,3.0,0.6,28.0
C09DA,45.9479,4.0,0.8,9.0
C09DA01,45.739002,5.0,1.0,0.0
C09DA02,45.75915,5.0,1.0,0.0
C09DA03,46.361588,5.0,1.0,0.0
C09DA04,46.56928,5.0,1.0,0.0
C09DA06,45.40559,5.0,1.0,0.0
C09DA07,45.11023,5.0,1.0,0.0
C09DA08,43.19823,5.0,1.0,0.0
C09DA09,45.630947,5.0,1.0,0.0
C09DA10,44.814384,5.0,1.0,0.0
C09DB,40.853218,4.0,0.8,8.0
C09DB01,41.108532,5.0,1.0,0.0
C09DB02,39.429573,5.0,1.0,0.0
C09DB04,41.03463,5.0,1.0,0.0
C09DB05,40.57507,5.0,1.0,0.0
C09DB06,39.793053,5.0,1.0,0.0
C09DB07,40.38727,5.0,1.0,0.0
C09DB08,39.47844,5.0,1.0,0.0
C09DB09,39.1079,5.0,1.0,0.0
C09DX,44.737972,4.0,0.8,8.0
C09DX01,44.05073,5.0,1.0,0.0
C09DX02,43.788055,5.0,1.0,0.0
C09DX03,44.660778,5.0,1.0,0.0
C09DX04,44.62801,5.0,1.0,0.0
C09DX05,45.380142,5.0,1.0,0.0
C09DX06,44.805622,5.0,1.0,0.0
C09DX07,44.323727,5.0,1.0,0.0
C09DX08,41.75681,5.0,1.0,0.0
C09X,53.201633,3.0,0.6,8.0
C09XA,53.36029,4.0,0.8,5.0
C09XA01,52.448925,5.0,1.0,0.0
C09XA02,52.504288,5.0,1.0,0.0
C09XA52,52.91722,5.0,1.0,0.0
C09XA53,53.60231,5.0,1.0,0.0
C09XA54,52.205235,5.0,1.0,0.0
C09XX,49.886665,4.0,0.8,1.0
C09XX01,49.65318,5.0,1.0,0.0
C10,45.291546,2.0,0.4,92.0
C10A,49.33418,3.0,0.6,53.0
C10AA,68.262985,4.0,0.8,8.0
C10AA01,67.4245,5.0,1.0,0.0
C10AA02,67.76039,5.0,1.0,0.0
C10AA03,65.513756,5.0,1.0,0.0
C10AA04,67.44493,5.0,1.0,0.0
C10AA05,65.70511,5.0,1.0,0.0
C10AA06,66.49381,5.0,1.0,0.0
C10AA07,68.47509,5.0,1.0,0.0
C10AA08,66.47897,5.0,1.0,0.0
C10AB,55.643284,4.0,0.8,12.0
C10AB01,55.480286,5.0,1.0,0.0
C10AB02,55.65643,5.0,1.0,0.0
C10AB03,53.823414,5.0,1.0,0.0
C10AB04,54.987854,5.0,1.0,0.0
C10AB05,51.408146,5.0,1.0,0.0
C10AB06,54.36368,5.0,1.0,0.0
C10AB07,54.801144,5.0,1.0,0.0
C10AB08,53.287,5.0,1.0,0.0
C10AB09,53.04609,5.0,1.0,0.0
C10AB10,52.61932,5.0,1.0,0.0
C10AB11,55.336674,5.0,1.0,0.0
C10AB12,52.262318,5.0,1.0,0.0
C10AC,62.74455,4.0,0.8,4.0
C10AC01,60.541992,5.0,1.0,0.0
C10AC02,62.188957,5.0,1.0,0.0
C10AC03,62.150036,5.0,1.0,0.0
C10AC04,62.41394,5.0,1.0,0.0
C10AD,64.78192,4.0,0.8,7.0
C10AD01,64.94494,5.0,1.0,0.0
C10AD02,63.690678,5.0,1.0,0.0
C10AD03,64.4149,5.0,1.0,0.0
C10AD04,62.466103,5.0,1.0,0.0
C10AD05,64.21147,5.0,1.0,0.0
C10AD06,64.24217,5.0,1.0,0.0
C10AD52,66.31252,5.0,1.0,0.0
C10AX,61.43198,4.0,0.8,17.0
C10AX01,60.182064,5.0,1.0,0.0
C10AX02,58.51888,5.0,1.0,0.0
C10AX03,56.98275,5.0,1.0,0.0
C10AX05,62.37531,5.0,1.0,0.0
C10AX06,56.594566,5.0,1.0,0.0
C10AX07,59.95088,5.0,1.0,0.0
C10AX08,61.08915,5.0,1.0,0.0
C10AX09,60.715862,5.0,1.0,0.0
C10AX10,55.40299,5.0,1.0,0.0
C10AX11,60.22175,5.0,1.0,0.0
C10AX12,57.32786,5.0,1.0,0.0
C10AX13,61.97464,5.0,1.0,0.0
C10AX14,62.029907,5.0,1.0,0.0
C10AX15,61.54749,5.0,1.0,0.0
C10AX16,57.7138,5.0,1.0,0.0
C10AX17,62.76687,5.0,1.0,0.0
C10AX18,59.023445,5.0,1.0,0.0
C10B,77.31794,3.0,0.6,37.0
C10BA,87.981155,4.0,0.8,13.0
C10BA01,87.09159,5.0,1.0,0.0
C10BA02,84.12373,5.0,1.0,0.0
C10BA03,86.42064,5.0,1.0,0.0
C10BA04,85.99419,5.0,1.0,0.0
C10BA05,86.24074,5.0,1.0,0.0
C10BA06,86.66549,5.0,1.0,0.0
C10BA07,80.72442,5.0,1.0,0.0
C10BA08,83.04426,5.0,1.0,0.0
C10BA09,88.59633,5.0,1.0,0.0
C10BA10,91.10459,5.0,1.0,0.0
C10BA11,89.1623,5.0,1.0,0.0
C10BA12,78.13563,5.0,1.0,0.0
C10BA13,84.34543,5.0,1.0,0.0
C10BX,70.443695,4.0,0.8,22.0
C10BX01,71.74208,5.0,1.0,0.0
C10BX02,74.21071,5.0,1.0,0.0
C10BX03,70.65394,5.0,1.0,0.0
C10BX04,66.5551,5.0,1.0,0.0
C10BX05,67.032455,5.0,1.0,0.0
C10BX06,71.52531,5.0,1.0,0.0
C10BX07,59.589153,5.0,1.0,0.0
C10BX08,69.113434,5.0,1.0,0.0
C10BX09,67.651,5.0,1.0,0.0
C10BX10,68.41473,5.0,1.0,0.0
C10BX11,75.95693,5.0,1.0,0.0
C10BX12,71.0418,5.0,1.0,0.0
C10BX13,68.72165,5.0,1.0,0.0
C10BX14,70.511,5.0,1.0,0.0
C10BX15,61.34553,5.0,1.0,0.0
C10BX16,61.542507,5.0,1.0,0.0
C10BX17,72.267395,5.0,1.0,0.0
C10BX18,75.13977,5.0,1.0,0.0
C10BX19,58.622692,5.0,1.0,0.0
C10BX20,66.762245,5.0,1.0,0.0
C10BX21,66.692276,5.0,1.0,0.0
C10BX22,59.326878,5.0,1.0,0.0
D,10.385157,1.0,0.2,500.0
D01,38.26606,2.0,0.4,67.0
D01A,39.854687,3.0,0.6,61.0
D01AA,43.150906,4.0,0.8,8.0
D01AA01,42.349773,5.0,1.0,0.0
D01AA02,43.166866,5.0,1.0,0.0
D01AA03,42.88874,5.0,1.0,0.0
D01AA04,41.245346,5.0,1.0,0.0
D01AA06,41.755325,5.0,1.0,0.0
D01AA07,42.425156,5.0,1.0,0.0
D01AA08,42.629494,5.0,1.0,0.0
D01AA20,42.821903,5.0,1.0,0.0
D01AC,49.557133,4.0,0.8,24.0
D01AC01,48.473648,5.0,1.0,0.0
D01AC02,41.47782,5.0,1.0,0.0
D01AC03,48.090984,5.0,1.0,0.0
D01AC04,40.592144,5.0,1.0,0.0
D01AC05,49.415398,5.0,1.0,0.0
D01AC06,42.801685,5.0,1.0,0.0
D01AC07,50.549427,5.0,1.0,0.0
D01AC08,50.42232,5.0,1.0,0.0
D01AC09,48.883118,5.0,1.0,0.0
D01AC10,43.63314,5.0,1.0,0.0
D01AC11,50.472603,5.0,1.0,0.0
D01AC12,48.72429,5.0,1.0,0.0
D01AC13,50.271755,5.0,1.0,0.0
D01AC14,47.454006,5.0,1.0,0.0
D01AC15,42.055073,5.0,1.0,0.0
D01AC16,45.825356,5.0,1.0,0.0
D01AC17,46.43278,5.0,1.0,0.0
D01AC18,41.88782,5.0,1.0,0.0
D01AC19,49.799843,5.0,1.0,0.0
D01AC20,53.31863,5.0,1.0,0.0
D01AC21,45.711246,5.0,1.0,0.0
D01AC22,46.32361,5.0,1.0,0.0
D01AC52,43.691166,5.0,1.0,0.0
D01AC60,47.276752,5.0,1.0,0.0
D01AE,43.497658,4.0,0.8,26.0
D01AE01,41.27062,5.0,1.0,0.0
D01AE02,38.578564,5.0,1.0,0.0
D01AE03,43.907024,5.0,1.0,0.0
D01AE04,40.82869,5.0,1.0,0.0
D01AE05,43.733307,5.0,1.0,0.0
D01AE06,42.834393,5.0,1.0,0.0
D01AE07,39.9021,5.0,1.0,0.0
D01AE08,43.595394,5.0,1.0,0.0
D01AE09,42.389614,5.0,1.0,0.0
D01AE10,41.64008,5.0,1.0,0.0
D01AE11,43.159336,5.0,1.0,0.0
D01AE12,42.691536,5.0,1.0,0.0
D01AE13,42.552174,5.0,1.0,0.0
D01AE14,43.992207,5.0,1.0,0.0
D01AE15,39.3133,5.0,1.0,0.0
D01AE16,42.138176,5.0,1.0,0.0
D01AE17,43.627052,5.0,1.0,0.0
D01AE18,43.534973,5.0,1.0,0.0
D01AE19,43.64419,5.0,1.0,0.0
D01AE20,42.563797,5.0,1.0,0.0
D01AE21,43.864437,5.0,1.0,0.0
D01AE22,38.724052,5.0,1.0,0.0
D01AE23,42.070183,5.0,1.0,0.0
D01AE24,42.466312,5.0,1.0,0.0
D01AE25,43.95189,5.0,1.0,0.0
D01AE54,44.23817,5.0,1.0,0.0
D01B,56.612865,3.0,0.6,4.0
D01BA,56.570107,4.0,0.8,3.0
D01BA01,55.902943,5.0,1.0,0.0
D01BA02,55.63627,5.0,1.0,0.0
D01BA03,55.627106,5.0,1.0,0.0
D02,37.22818,2.0,0.4,17.0
D02A,34.47564,3.0,0.6,9.0
D02AA,32.914207,4.0,1.0,0.0
D02AB,34.793816,4.0,1.0,0.0
D02AC,34.133114,4.0,1.0,0.0
D02AD,33.376057,4.0,1.0,0.0
D02AE,35.14771,4.0,0.8,2.0
D02AE01,35.255165,5.0,1.0,0.0
D02AE51,35.28027,5.0,1.0,0.0
D02AF,32.462425,4.0,1.0,0.0
D02AX,32.06992,4.0,1.0,0.0
D02B,40.488792,3.0,0.6,6.0
D02BA,40.642857,4.0,0.8,2.0
D02BA01,40.886856,5.0,1.0,0.0
D02BA02,40.602787,5.0,1.0,0.0
D02BB,39.32704,4.0,0.8,2.0
D02BB01,39.450825,5.0,1.0,0.0
D02BB02,39.09379,5.0,1.0,0.0
D03,71.30975,2.0,0.4,23.0
D03A,72.16115,3.0,0.6,16.0
D03AA,58.27393,4.0,1.0,0.0
D03AX,72.50083,4.0,0.8,14.0
D03AX01,70.835754,5.0,1.0,0.0
D03AX02,70.38657,5.0,1.0,0.0
D03AX03,70.25116,5.0,1.0,0.0
D03AX04,69.70672,5.0,1.0,0.0
D03AX05,71.82886,5.0,1.0,0.0
D03AX06,71.17648,5.0,1.0,0.0
D03AX09,70.28489,5.0,1.0,0.0
D03AX10,72.548836,5.0,1.0,0.0
D03AX11,71.56007,5.0,1.0,0.0
D03AX12,74.39724,5.0,1.0,0.0
D03AX13,75.00982,5.0,1.0,0.0
D03AX14,70.79408,5.0,1.0,0.0
D03AX15,70.87267,5.0,1.0,0.0
D03AX16,69.19462,5.0,1.0,0.0
D03B,60.77863,3.0,0.6,5.0
D03BA,60.650555,4.0,0.8,4.0
D03BA01,60.50736,5.0,1.0,0.0
D03BA02,60.689445,5.0,1.0,0.0
D03BA03,59.880436,5.0,1.0,0.0
D03BA52,59.507065,5.0,1.0,0.0
D04,71.0309,2.0,0.4,27.0
D04A,70.826515,3.0,0.6,26.0
D04AA,71.76439,4.0,0.8,15.0
D04AA01,70.64157,5.0,1.0,0.0
D04AA02,69.51365,5.0,1.0,0.0
D04AA03,70.480156,5.0,1.0,0.0
D04AA04,71.93657,5.0,1.0,0.0
D04AA09,71.042725,5.0,1.0,0.0
D04AA10,68.99342,5.0,1.0,0.0
D04AA12,70.10255,5.0,1.0,0.0
D04AA13,71.49026,5.0,1.0,0.0
D04AA14,72.685036,5.0,1.0,0.0
D04AA15,70.662186,5.0,1.0,0.0
D04AA16,70.346504,5.0,1.0,0.0
D04AA22,72.31351,5.0,1.0,0.0
D04AA32,72.0616,5.0,1.0,0.0
D04AA33,68.425255,5.0,1.0,0.0
D04AA34,68.8989,5.0,1.0,0.0
D04AB,68.734665,4.0,0.8,7.0
D04AB01,67.41749,5.0,1.0,0.0
D04AB02,67.30358,5.0,1.0,0.0
D04AB03,67.41845,5.0,1.0,0.0
D04AB04,69.057724,5.0,1.0,0.0
D04AB05,70.0535,5.0,1.0,0.0
D04AB06,66.20235,5.0,1.0,0.0
D04AB07,68.41326,5.0,1.0,0.0
D04AX,57.129536,4.0,0.8,1.0
D04AX01,56.79395,5.0,1.0,0.0
D05,63.75305,2.0,0.4,28.0
D05A,65.41841,3.0,0.6,17.0
D05AA,52.940765,4.0,1.0,0.0
D05AC,60.46341,4.0,0.8,2.0
D05AC01,60.37139,5.0,1.0,0.0
D05AC51,60.55922,5.0,1.0,0.0
D05AD,59.625164,4.0,0.8,2.0
D05AD01,60.071106,5.0,1.0,0.0
D05AD02,58.792675,5.0,1.0,0.0
D05AX,66.266815,4.0,0.8,9.0
D05AX01,66.84287,5.0,1.0,0.0
D05AX02,64.57319,5.0,1.0,0.0
D05AX03,65.48286,5.0,1.0,0.0
D05AX04,66.83464,5.0,1.0,0.0
D05AX05,65.428986,5.0,1.0,0.0
D05AX06,64.998375,5.0,1.0,0.0
D05AX07,65.8243,5.0,1.0,0.0
D05AX52,65.99146,5.0,1.0,0.0
D05AX55,64.159966,5.0,1.0,0.0
D05B,59.141155,3.0,0.6,9.0
D05BA,59.951546,4.0,0.8,3.0
D05BA01,59.307266,5.0,1.0,0.0
D05BA02,58.6961,5.0,1.0,0.0
D05BA03,58.926067,5.0,1.0,0.0
D05BB,59.323074,4.0,0.8,2.0
D05BB01,59.106,5.0,1.0,0.0
D05BB02,58.660767,5.0,1.0,0.0
D05BX,54.029938,4.0,0.8,1.0
D05BX51,54.197105,5.0,1.0,0.0
D06,71.10333,2.0,0.4,48.0
D06A,80.12612,3.0,0.6,19.0
D06AA,72.831474,4.0,0.8,4.0
D06AA01,71.58162,5.0,1.0,0.0
D06AA02,72.768585,5.0,1.0,0.0
D06AA03,72.234695,5.0,1.0,0.0
D06AA04,72.36621,5.0,1.0,0.0
D06AX,80.49621,4.0,0.8,13.0
D06AX01,77.49166,5.0,1.0,0.0
D06AX02,78.46342,5.0,1.0,0.0
D06AX04,76.93313,5.0,1.0,0.0
D06AX05,77.27612,5.0,1.0,0.0
D06AX07,78.32992,5.0,1.0,0.0
D06AX08,83.71418,5.0,1.0,0.0
D06AX09,78.09795,5.0,1.0,0.0
D06AX10,80.29213,5.0,1.0,0.0
D06AX11,78.21402,5.0,1.0,0.0
D06AX12,77.38732,5.0,1.0,0.0
D06AX13,81.2271,5.0,1.0,0.0
D06AX14,80.20825,5.0,1.0,0.0
D06AX15,78.46336,5.0,1.0,0.0
D06B,87.2999,3.0,0.6,26.0
D06BA,82.67288,4.0,0.8,7.0
D06BA01,81.686676,5.0,1.0,0.0
D06BA02,84.36817,5.0,1.0,0.0
D06BA03,82.4477,5.0,1.0,0.0
D06BA04,82.21529,5.0,1.0,0.0
D06BA05,80.42157,5.0,1.0,0.0
D06BA06,80.98956,5.0,1.0,0.0
D06BA51,79.17963,5.0,1.0,0.0
D06BB,88.22997,4.0,0.8,13.0
D06BB01,83.76254,5.0,1.0,0.0
D06BB02,84.96886,5.0,1.0,0.0
D06BB03,89.192665,5.0,1.0,0.0
D06BB04,86.80557,5.0,1.0,0.0
D06BB05,86.78795,5.0,1.0,0.0
D06BB06,88.701546,5.0,1.0,0.0
D06BB07,87.93504,5.0,1.0,0.0
D06BB08,84.658455,5.0,1.0,0.0
D06BB09,86.42698,5.0,1.0,0.0
D06BB10,91.25226,5.0,1.0,0.0
D06BB11,85.4007,5.0,1.0,0.0
D06BB12,87.607155,5.0,1.0,0.0
D06BB53,85.22194,5.0,1.0,0.0
D06BX,75.571785,4.0,0.8,3.0
D06BX01,75.064384,5.0,1.0,0.0
D06BX02,74.872856,5.0,1.0,0.0
D06BX03,75.712906,5.0,1.0,0.0
D06C,69.77416,3.0,1.0,0.0
D07,56.76387,2.0,0.4,97.0
D07A,93.65033,3.0,0.6,43.0
D07AA,87.124,4.0,0.8,3.0
D07AA01,86.223946,5.0,1.0,0.0
D07AA02,86.44235,5.0,1.0,0.0
D07AA03,85.217995,5.0,1.0,0.0
D07AB,106.49064,4.0,0.8,14.0
D07AB01,104.292625,5.0,1.0,0.0
D07AB02,109.50861,5.0,1.0,0.0
D07AB03,97.27963,5.0,1.0,0.0
D07AB04,108.09261,5.0,1.0,0.0
D07AB05,98.604256,5.0,1.0,0.0
D07AB06,101.07652,5.0,1.0,0.0
D07AB07,103.19496,5.0,1.0,0.0
D07AB08,106.08018,5.0,1.0,0.0
D07AB09,102.44819,5.0,1.0,0.0
D07AB10,105.40204,5.0,1.0,0.0
D07AB11,106.19977,5.0,1.0,0.0
D07AB19,101.60033,5.0,1.0,0.0
D07AB21,96.665474,5.0,1.0,0.0
D07AB30,106.37541,5.0,1.0,0.0
D07AC,93.91714,4.0,0.8,20.0
D07AC01,97.11114,5.0,1.0,0.0
D07AC02,96.16753,5.0,1.0,0.0
D07AC03,86.44965,5.0,1.0,0.0
D07AC04,95.59722,5.0,1.0,0.0
D07AC05,99.24958,5.0,1.0,0.0
D07AC06,93.709114,5.0,1.0,0.0
D07AC07,95.70296,5.0,1.0,0.0
D07AC08,78.37674,5.0,1.0,0.0
D07AC09,93.751205,5.0,1.0,0.0
D07AC10,89.39786,5.0,1.0,0.0
D07AC11,91.96572,5.0,1.0,0.0
D07AC12,90.2833,5.0,1.0,0.0
D07AC13,94.46848,5.0,1.0,0.0
D07AC14,93.68445,5.0,1.0,0.0
D07AC15,91.42023,5.0,1.0,0.0
D07AC16,83.02952,5.0,1.0,0.0
D07AC17,87.41765,5.0,1.0,0.0
D07AC18,86.50628,5.0,1.0,0.0
D07AC19,87.40537,5.0,1.0,0.0
D07AC21,91.82867,5.0,1.0,0.0
D07AD,81.195206,4.0,0.8,2.0
D07AD01,80.19144,5.0,1.0,0.0
D07AD02,81.320526,5.0,1.0,0.0
D07B,82.50927,3.0,0.6,14.0
D07BA,77.64965,4.0,0.8,2.0
D07BA01,77.66676,5.0,1.0,0.0
D07BA04,76.5412,5.0,1.0,0.0
D07BB,80.91298,4.0,0.8,4.0
D07BB01,79.22704,5.0,1.0,0.0
D07BB02,81.66526,5.0,1.0,0.0
D07BB03,79.21426,5.0,1.0,0.0
D07BB04,79.26337,5.0,1.0,0.0
D07BC,82.13603,4.0,0.8,4.0
D07BC01,80.38378,5.0,1.0,0.0
D07BC02,82.038315,5.0,1.0,0.0
D07BC03,79.73547,5.0,1.0,0.0
D07BC04,80.91938,5.0,1.0,0.0
D07BD,74.9547,4.0,1.0,0.0
D07C,83.84147,3.0,0.6,19.0
D07CA,80.40389,4.0,0.8,3.0
D07CA01,79.015945,5.0,1.0,0.0
D07CA02,79.32789,5.0,1.0,0.0
D07CA03,78.78961,5.0,1.0,0.0
D07CB,82.77652,4.0,0.8,5.0
D07CB01,81.97806,5.0,1.0,0.0
D07CB02,83.06255,5.0,1.0,0.0
D07CB03,83.32654,5.0,1.0,0.0
D07CB04,80.76515,5.0,1.0,0.0
D07CB05,80.72469,5.0,1.0,0.0
D07CC,83.86516,4.0,0.8,6.0
D07CC01,82.46916,5.0,1.0,0.0
D07CC02,82.53518,5.0,1.0,0.0
D07CC03,80.72081,5.0,1.0,0.0
D07CC04,83.8575,5.0,1.0,0.0
D07CC05,84.05431,5.0,1.0,0.0
D07CC06,81.927,5.0,1.0,0.0
D07CD,69.285324,4.0,0.8,1.0
D07CD01,69.75534,5.0,1.0,0.0
D07X,93.79805,3.0,0.6,17.0
D07XA,84.853935,4.0,0.8,2.0
D07XA01,83.16719,5.0,1.0,0.0
D07XA02,86.28095,5.0,1.0,0.0
D07XB,91.260605,4.0,0.8,6.0
D07XB01,92.0111,5.0,1.0,0.0
D07XB02,88.622826,5.0,1.0,0.0
D07XB03,91.0,5.0,1.0,0.0
D07XB04,91.613045,5.0,1.0,0.0
D07XB05,88.566414,5.0,1.0,0.0
D07XB30,88.99215,5.0,1.0,0.0
D07XC,93.63088,4.0,0.8,5.0
D07XC01,92.34424,5.0,1.0,0.0
D07XC02,93.14596,5.0,1.0,0.0
D07XC03,93.794365,5.0,1.0,0.0
D07XC04,92.62095,5.0,1.0,0.0
D07XC05,91.94868,5.0,1.0,0.0
D07XD,70.95383,4.0,1.0,0.0
D08,35.92592,2.0,0.4,66.0
D08A,35.79274,3.0,0.6,65.0
D08AA,37.935787,4.0,0.8,3.0
D08AA01,38.15058,5.0,1.0,0.0
D08AA02,37.87494,5.0,1.0,0.0
D08AA03,37.039577,5.0,1.0,0.0
D08AB,36.628845,4.0,1.0,0.0
D08AC,43.231083,4.0,0.8,6.0
D08AC01,43.43158,5.0,1.0,0.0
D08AC02,43.427895,5.0,1.0,0.0
D08AC03,42.379883,5.0,1.0,0.0
D08AC04,42.64684,5.0,1.0,0.0
D08AC05,42.36238,5.0,1.0,0.0
D08AC52,42.909946,5.0,1.0,0.0
D08AD,41.00675,4.0,1.0,0.0
D08AE,38.032265,4.0,0.8,6.0
D08AE01,37.360012,5.0,1.0,0.0
D08AE02,38.19226,5.0,1.0,0.0
D08AE03,37.238876,5.0,1.0,0.0
D08AE04,37.948746,5.0,1.0,0.0
D08AE05,38.431446,5.0,1.0,0.0
D08AE06,37.514996,5.0,1.0,0.0
D08AF,40.190598,4.0,0.8,1.0
D08AF01,40.7441,5.0,1.0,0.0
D08AG,45.846302,4.0,0.8,4.0
D08AG01,46.171314,5.0,1.0,0.0
D08AG02,45.003117,5.0,1.0,0.0
D08AG03,45.366264,5.0,1.0,0.0
D08AG04,45.13159,5.0,1.0,0.0
D08AH,46.416496,4.0,0.8,4.0
D08AH01,46.815372,5.0,1.0,0.0
D08AH02,45.86521,5.0,1.0,0.0
D08AH03,45.43846,5.0,1.0,0.0
D08AH30,46.069458,5.0,1.0,0.0
D08AJ,45.583702,4.0,0.8,11.0
D08AJ01,42.61463,5.0,1.0,0.0
D08AJ02,42.53712,5.0,1.0,0.0
D08AJ03,45.209656,5.0,1.0,0.0
D08AJ04,43.84709,5.0,1.0,0.0
D08AJ05,45.641758,5.0,1.0,0.0
D08AJ06,44.987965,5.0,1.0,0.0
D08AJ08,43.63131,5.0,1.0,0.0
D08AJ10,45.594444,5.0,1.0,0.0
D08AJ57,44.931236,5.0,1.0,0.0
D08AJ58,43.94033,5.0,1.0,0.0
D08AJ59,44.807575,5.0,1.0,0.0
D08AK,47.74959,4.0,0.8,7.0
D08AK01,46.526287,5.0,1.0,0.0
D08AK02,46.31567,5.0,1.0,0.0
D08AK03,46.68223,5.0,1.0,0.0
D08AK04,47.577435,5.0,1.0,0.0
D08AK05,47.712532,5.0,1.0,0.0
D08AK06,45.869053,5.0,1.0,0.0
D08AK30,47.297092,5.0,1.0,0.0
D08AL,41.68903,4.0,0.8,2.0
D08AL01,41.48389,5.0,1.0,0.0
D08AL30,41.70974,5.0,1.0,0.0
D08AX,45.423573,4.0,0.8,9.0
D08AX01,44.54273,5.0,1.0,0.0
D08AX02,44.77086,5.0,1.0,0.0
D08AX03,44.820255,5.0,1.0,0.0
D08AX04,45.12545,5.0,1.0,0.0
D08AX05,45.111702,5.0,1.0,0.0
D08AX06,46.12044,5.0,1.0,0.0
D08AX07,42.508564,5.0,1.0,0.0
D08AX08,45.151524,5.0,1.0,0.0
D08AX53,44.66654,5.0,1.0,0.0
D09,42.528538,2.0,0.4,19.0
D09A,42.54078,3.0,0.6,18.0
D09AA,43.095085,4.0,0.8,13.0
D09AA01,42.83132,5.0,1.0,0.0
D09AA02,42.407955,5.0,1.0,0.0
D09AA03,42.213768,5.0,1.0,0.0
D09AA04,42.744293,5.0,1.0,0.0
D09AA05,43.06829,5.0,1.0,0.0
D09AA06,41.73204,5.0,1.0,0.0
D09AA07,42.00942,5.0,1.0,0.0
D09AA08,41.773453,5.0,1.0,0.0
D09AA09,41.81168,5.0,1.0,0.0
D09AA10,38.762085,5.0,1.0,0.0
D09AA11,43.116413,5.0,1.0,0.0
D09AA12,43.56814,5.0,1.0,0.0
D09AA13,43.64462,5.0,1.0,0.0
D09AB,35.512325,4.0,0.8,2.0
D09AB01,35.31554,5.0,1.0,0.0
D09AB02,35.624786,5.0,1.0,0.0
D09AX,35.13374,4.0,1.0,0.0
D10,43.35848,2.0,0.4,46.0
D10A,44.61179,3.0,0.6,40.0
D10AA,42.55661,4.0,0.8,3.0
D10AA01,42.355045,5.0,1.0,0.0
D10AA02,42.196404,5.0,1.0,0.0
D10AA03,42.36024,5.0,1.0,0.0
D10AB,44.870586,4.0,0.8,4.0
D10AB01,44.45993,5.0,1.0,0.0
D10AB02,45.095432,5.0,1.0,0.0
D10AB03,43.598816,5.0,1.0,0.0
D10AB05,44.54142,5.0,1.0,0.0
D10AD,49.03952,4.0,0.8,9.0
D10AD01,45.464767,5.0,1.0,0.0
D10AD02,49.415585,5.0,1.0,0.0
D10AD03,49.175076,5.0,1.0,0.0
D10AD04,49.33725,5.0,1.0,0.0
D10AD05,49.028736,5.0,1.0,0.0
D10AD06,45.90586,5.0,1.0,0.0
D10AD51,48.371677,5.0,1.0,0.0
D10AD53,48.472706,5.0,1.0,0.0
D10AD54,48.66843,5.0,1.0,0.0
D10AE,41.460754,4.0,0.8,2.0
D10AE01,41.779297,5.0,1.0,0.0
D10AE51,41.6057,5.0,1.0,0.0
D10AF,48.84006,4.0,0.8,9.0
D10AF01,46.130054,5.0,1.0,0.0
D10AF02,48.99043,5.0,1.0,0.0
D10AF03,47.991398,5.0,1.0,0.0
D10AF04,49.319668,5.0,1.0,0.0
D10AF05,47.6548,5.0,1.0,0.0
D10AF06,47.08693,5.0,1.0,0.0
D10AF07,50.153877,5.0,1.0,0.0
D10AF51,46.982655,5.0,1.0,0.0
D10AF52,48.638977,5.0,1.0,0.0
D10AX,44.94868,4.0,0.8,7.0
D10AX01,45.508934,5.0,1.0,0.0
D10AX02,44.875263,5.0,1.0,0.0
D10AX03,44.263504,5.0,1.0,0.0
D10AX04,44.68118,5.0,1.0,0.0
D10AX05,44.99303,5.0,1.0,0.0
D10AX06,44.826897,5.0,1.0,0.0
D10AX30,44.31874,5.0,1.0,0.0
D10B,51.230133,3.0,0.6,4.0
D10BA,50.959393,4.0,0.8,1.0
D10BA01,51.12355,5.0,1.0,0.0
D10BX,50.57487,4.0,0.8,1.0
D10BX01,50.42916,5.0,1.0,0.0
D11,46.651802,2.0,0.4,51.0
D11A,46.56672,3.0,0.6,50.0
D11AA,43.612934,4.0,0.8,1.0
D11AA01,43.35143,5.0,1.0,0.0
D11AC,43.972694,4.0,0.8,7.0
D11AC01,42.964367,5.0,1.0,0.0
D11AC02,42.742138,5.0,1.0,0.0
D11AC03,43.91988,5.0,1.0,0.0
D11AC06,43.8989,5.0,1.0,0.0
D11AC08,43.614906,5.0,1.0,0.0
D11AC09,43.679985,5.0,1.0,0.0
D11AC30,43.69064,5.0,1.0,0.0
D11AE,41.796925,4.0,0.8,1.0
D11AE01,41.899784,5.0,1.0,0.0
D11AF,43.40079,4.0,1.0,0.0
D11AH,56.399517,4.0,0.8,12.0
D11AH01,57.088478,5.0,1.0,0.0
D11AH02,54.197124,5.0,1.0,0.0
D11AH03,56.443596,5.0,1.0,0.0
D11AH04,53.21986,5.0,1.0,0.0
D11AH05,56.409737,5.0,1.0,0.0
D11AH06,56.828716,5.0,1.0,0.0
D11AH07,52.815636,5.0,1.0,0.0
D11AH08,54.25336,5.0,1.0,0.0
D11AH09,55.1288,5.0,1.0,0.0
D11AH10,51.766216,5.0,1.0,0.0
D11AH11,54.00492,5.0,1.0,0.0
D11AH12,51.683334,5.0,1.0,0.0
D11AX,50.794476,4.0,0.8,23.0
D11AX01,47.690407,5.0,1.0,0.0
D11AX02,48.56229,5.0,1.0,0.0
D11AX03,49.98906,5.0,1.0,0.0
D11AX04,52.321342,5.0,1.0,0.0
D11AX05,48.125835,5.0,1.0,0.0
D11AX06,53.62284,5.0,1.0,0.0
D11AX08,51.17506,5.0,1.0,0.0
D11AX09,48.752037,5.0,1.0,0.0
D11AX10,47.32191,5.0,1.0,0.0
D11AX11,46.97277,5.0,1.0,0.0
D11AX12,51.025513,5.0,1.0,0.0
D11AX13,50.43888,5.0,1.0,0.0
D11AX16,46.777473,5.0,1.0,0.0
D11AX18,51.230316,5.0,1.0,0.0
D11AX21,52.5198,5.0,1.0,0.0
D11AX22,50.808884,5.0,1.0,0.0
D11AX23,47.29239,5.0,1.0,0.0
D11AX24,47.98793,5.0,1.0,0.0
D11AX25,47.680973,5.0,1.0,0.0
D11AX26,47.382084,5.0,1.0,0.0
D11AX27,46.1592,5.0,1.0,0.0
D11AX52,49.863686,5.0,1.0,0.0
D11AX57,48.12769,5.0,1.0,0.0
G,16.35311,1.0,0.2,366.0
G01,51.96196,2.0,0.4,73.0
G01A,54.335567,3.0,0.6,66.0
G01AA,62.852486,4.0,0.8,12.0
G01AA01,61.058926,5.0,1.0,0.0
G01AA02,61.207016,5.0,1.0,0.0
G01AA03,60.671627,5.0,1.0,0.0
G01AA04,62.633297,5.0,1.0,0.0
G01AA05,62.717922,5.0,1.0,0.0
G01AA06,58.311005,5.0,1.0,0.0
G01AA07,63.169785,5.0,1.0,0.0
G01AA08,62.555042,5.0,1.0,0.0
G01AA09,56.457043,5.0,1.0,0.0
G01AA10,59.36252,5.0,1.0,0.0
G01AA11,64.05352,5.0,1.0,0.0
G01AA51,59.00373,5.0,1.0,0.0
G01AB,53.962944,4.0,0.8,1.0
G01AB01,54.877544,5.0,1.0,0.0
G01AC,59.756027,4.0,0.8,6.0
G01AC01,60.232548,5.0,1.0,0.0
G01AC02,58.1741,5.0,1.0,0.0
G01AC03,58.838314,5.0,1.0,0.0
G01AC05,59.404354,5.0,1.0,0.0
G01AC06,59.28769,5.0,1.0,0.0
G01AC30,59.36193,5.0,1.0,0.0
G01AD,77.32519,4.0,0.8,3.0
G01AD01,75.72146,5.0,1.0,0.0
G01AD02,76.90431,5.0,1.0,0.0
G01AD03,76.28385,5.0,1.0,0.0
G01AE,66.62597,4.0,0.8,2.0
G01AE01,66.386375,5.0,1.0,0.0
G01AE10,65.56328,5.0,1.0,0.0
G01AF,67.39211,4.0,0.8,19.0
G01AF01,64.09787,5.0,1.0,0.0
G01AF02,64.83469,5.0,1.0,0.0
G01AF04,66.43314,5.0,1.0,0.0
G01AF05,63.831127,5.0,1.0,0.0
G01AF06,62.513256,5.0,1.0,0.0
G01AF07,65.43683,5.0,1.0,0.0
G01AF08,65.540405,5.0,1.0,0.0
G01AF11,59.091885,5.0,1.0,0.0
G01AF12,66.29406,5.0,1.0,0.0
G01AF13,59.447617,5.0,1.0,0.0
G01AF14,67.135254,5.0,1.0,0.0
G01AF15,59.516365,5.0,1.0,0.0
G01AF16,61.64227,5.0,1.0,0.0
G01AF17,65.74298,5.0,1.0,0.0
G01AF18,59.841393,5.0,1.0,0.0
G01AF19,67.17141,5.0,1.0,0.0
G01AF20,68.3978,5.0,1.0,0.0
G01AF21,66.86452,5.0,1.0,0.0
G01AF55,66.738235,5.0,1.0,0.0
G01AG,61.89815,4.0,0.8,1.0
G01AG02,62.428825,5.0,1.0,0.0
G01AX,60.98475,4.0,0.8,14.0
G01AX01,59.628967,5.0,1.0,0.0
G01AX02,60.152245,5.0,1.0,0.0
G01AX03,60.054565,5.0,1.0,0.0
G01AX05,60.205788,5.0,1.0,0.0
G01AX06,57.54575,5.0,1.0,0.0
G01AX09,60.93377,5.0,1.0,0.0
G01AX11,62.719246,5.0,1.0,0.0
G01AX12,59.979095,5.0,1.0,0.0
G01AX13,63.8275,5.0,1.0,0.0
G01AX14,59.71416,5.0,1.0,0.0
G01AX15,60.182537,5.0,1.0,0.0
G01AX16,60.47211,5.0,1.0,0.0
G01AX17,64.59453,5.0,1.0,0.0
G01AX66,57.20804,5.0,1.0,0.0
G01B,68.9726,3.0,0.75,5.0
G01BA,67.339165,4.0,1.0,0.0
G01BC,67.59689,4.0,1.0,0.0
G01BD,68.600975,4.0,1.0,0.0
G01BE,67.838524,4.0,1.0,0.0
G01BF,70.8436,4.0,1.0,0.0
G02,51.397522,2.0,0.4,47.0
G02A,50.64606,3.0,0.6,14.0
G02AB,48.745163,4.0,0.8,3.0
G02AB01,48.4122,5.0,1.0,0.0
G02AB02,49.126965,5.0,1.0,0.0
G02AB03,48.314358,5.0,1.0,0.0
G02AC,43.44046,4.0,0.8,1.0
G02AC01,43.610886,5.0,1.0,0.0
G02AD,50.984753,4.0,0.8,6.0
G02AD01,50.219948,5.0,1.0,0.0
G02AD02,50.331173,5.0,1.0,0.0
G02AD03,50.39546,5.0,1.0,0.0
G02AD04,51.84657,5.0,1.0,0.0
G02AD05,50.139473,5.0,1.0,0.0
G02AD06,50.58008,5.0,1.0,0.0
G02AX,40.48055,4.0,1.0,0.0
G02B,62.41938,3.0,0.6,7.0
G02BA,62.95251,4.0,0.8,3.0
G02BA01,63.367214,5.0,1.0,0.0
G02BA02,62.18912,5.0,1.0,0.0
G02BA03,62.643864,5.0,1.0,0.0
G02BB,59.5395,4.0,0.8,2.0
G02BB01,58.51949,5.0,1.0,0.0
G02BB02,60.32512,5.0,1.0,0.0
G02C,61.305176,3.0,0.6,23.0
G02CA,53.302433,4.0,0.8,3.0
G02CA01,53.491833,5.0,1.0,0.0
G02CA02,53.225075,5.0,1.0,0.0
G02CA03,53.749992,5.0,1.0,0.0
G02CB,62.651806,4.0,0.8,6.0
G02CB01,62.60158,5.0,1.0,0.0
G02CB02,61.93976,5.0,1.0,0.0
G02CB03,61.14732,5.0,1.0,0.0
G02CB04,62.995853,5.0,1.0,0.0
G02CB05,62.212948,5.0,1.0,0.0
G02CB06,62.620514,5.0,1.0,0.0
G02CC,53.133305,4.0,0.8,4.0
G02CC01,53.450653,5.0,1.0,0.0
G02CC02,53.07925,5.0,1.0,0.0
G02CC03,51.855667,5.0,1.0,0.0
G02CC04,52.92726,5.0,1.0,0.0
G02CX,62.510403,4.0,0.8,6.0
G02CX01,61.468197,5.0,1.0,0.0
G02CX02,61.847076,5.0,1.0,0.0
G02CX03,62.01763,5.0,1.0,0.0
G02CX04,61.741257,5.0,1.0,0.0
G02CX05,61.73489,5.0,1.0,0.0
G02CX06,62.32747,5.0,1.0,0.0
G03,38.20624,2.0,0.4,176.0
G03A,106.6082,3.0,0.6,43.0
G03AA,110.76359,4.0,0.8,18.0
G03AA01,114.51701,5.0,1.0,0.0
G03AA02,102.07527,5.0,1.0,0.0
G03AA03,107.435326,5.0,1.0,0.0
G03AA04,107.50016,5.0,1.0,0.0
G03AA05,109.74349,5.0,1.0,0.0
G03AA06,110.177185,5.0,1.0,0.0
G03AA07,102.811714,5.0,1.0,0.0
G03AA08,100.60204,5.0,1.0,0.0
G03AA09,108.75462,5.0,1.0,0.0
G03AA10,106.12088,5.0,1.0,0.0
G03AA11,105.83193,5.0,1.0,0.0
G03AA12,107.31574,5.0,1.0,0.0
G03AA13,110.508575,5.0,1.0,0.0
G03AA14,113.01354,5.0,1.0,0.0
G03AA15,109.06233,5.0,1.0,0.0
G03AA16,109.169914,5.0,1.0,0.0
G03AA17,111.9386,5.0,1.0,0.0
G03AA18,107.42722,5.0,1.0,0.0
G03AB,102.97906,4.0,0.8,9.0
G03AB01,97.094086,5.0,1.0,0.0
G03AB02,102.8367,5.0,1.0,0.0
G03AB03,102.49779,5.0,1.0,0.0
G03AB04,102.549065,5.0,1.0,0.0
G03AB05,98.85904,5.0,1.0,0.0
G03AB06,104.28583,5.0,1.0,0.0
G03AB07,101.15733,5.0,1.0,0.0
G03AB08,101.45442,5.0,1.0,0.0
G03AB09,100.98615,5.0,1.0,0.0
G03AC,112.77978,4.0,0.8,10.0
G03AC01,108.09761,5.0,1.0,0.0
G03AC02,105.008446,5.0,1.0,0.0
G03AC03,110.73365,5.0,1.0,0.0
G03AC04,110.5183,5.0,1.0,0.0
G03AC05,117.17158,5.0,1.0,0.0
G03AC06,109.23637,5.0,1.0,0.0
G03AC07,109.36133,5.0,1.0,0.0
G03AC08,109.47899,5.0,1.0,0.0
G03AC09,110.06208,5.0,1.0,0.0
G03AC10,110.16209,5.0,1.0,0.0
G03AD,75.097,4.0,0.8,2.0
G03AD01,74.79007,5.0,1.0,0.0
G03AD02,74.78958,5.0,1.0,0.0
G03B,76.64066,3.0,0.6,7.0
G03BA,76.64979,4.0,0.8,3.0
G03BA01,74.588196,5.0,1.0,0.0
G03BA02,75.73476,5.0,1.0,0.0
G03BA03,76.0555,5.0,1.0,0.0
G03BB,75.822624,4.0,0.8,2.0
G03BB01,74.76,5.0,1.0,0.0
G03BB02,74.99605,5.0,1.0,0.0
G03C,100.90096,3.0,0.6,23.0
G03CA,104.01926,4.0,0.8,8.0
G03CA01,99.51989,5.0,1.0,0.0
G03CA03,103.17286,5.0,1.0,0.0
G03CA04,101.90737,5.0,1.0,0.0
G03CA06,102.26947,5.0,1.0,0.0
G03CA07,102.59612,5.0,1.0,0.0
G03CA09,101.21831,5.0,1.0,0.0
G03CA53,102.66165,5.0,1.0,0.0
G03CA57,100.17533,5.0,1.0,0.0
G03CB,89.16658,4.0,0.8,4.0
G03CB01,89.642,5.0,1.0,0.0
G03CB02,87.00548,5.0,1.0,0.0
G03CB03,88.20179,5.0,1.0,0.0
G03CB04,91.73042,5.0,1.0,0.0
G03CC,102.41687,4.0,0.8,6.0
G03CC02,98.94278,5.0,1.0,0.0
G03CC03,101.425476,5.0,1.0,0.0
G03CC04,99.41777,5.0,1.0,0.0
G03CC05,101.28591,5.0,1.0,0.0
G03CC06,100.23857,5.0,1.0,0.0
G03CC07,100.556015,5.0,1.0,0.0
G03CX,70.18322,4.0,0.8,1.0
G03CX01,69.11007,5.0,1.0,0.0
G03D,99.287834,3.0,0.6,21.0
G03DA,83.266846,4.0,0.8,4.0
G03DA01,80.80059,5.0,1.0,0.0
G03DA02,81.9095,5.0,1.0,0.0
G03DA03,84.24538,5.0,1.0,0.0
G03DA04,84.09228,5.0,1.0,0.0
G03DB,98.98164,4.0,0.8,8.0
G03DB01,95.85431,5.0,1.0,0.0
G03DB02,99.50238,5.0,1.0,0.0
G03DB03,96.91592,5.0,1.0,0.0
G03DB04,95.86565,5.0,1.0,0.0
G03DB05,97.804504,5.0,1.0,0.0
G03DB06,99.50714,5.0,1.0,0.0
G03DB07,98.490875,5.0,1.0,0.0
G03DB08,95.67628,5.0,1.0,0.0
G03DC,99.51218,4.0,0.8,6.0
G03DC01,101.04481,5.0,1.0,0.0
G03DC02,95.74509,5.0,1.0,0.0
G03DC03,98.53274,5.0,1.0,0.0
G03DC04,99.09521,5.0,1.0,0.0
G03DC06,97.918816,5.0,1.0,0.0
G03DC31,97.94454,5.0,1.0,0.0
G03E,81.51555,3.0,0.6,7.0
G03EA,81.76301,4.0,0.8,3.0
G03EA01,80.35112,5.0,1.0,0.0
G03EA02,81.092674,5.0,1.0,0.0
G03EA03,81.0087,5.0,1.0,0.0
G03EB,72.9315,4.0,1.0,0.0
G03EK,79.39625,4.0,0.8,1.0
G03EK01,80.03855,5.0,1.0,0.0
G03F,113.854805,3.0,0.6,31.0
G03FA,115.47268,4.0,0.8,17.0
G03FA01,109.778885,5.0,1.0,0.0
G03FA02,118.27742,5.0,1.0,0.0
G03FA03,112.4503,5.0,1.0,0.0
G03FA04,101.34642,5.0,1.0,0.0
G03FA05,107.78735,5.0,1.0,0.0
G03FA06,111.09725,5.0,1.0,0.0
G03FA07,114.254074,5.0,1.0,0.0
G03FA08,120.26559,5.0,1.0,0.0
G03FA09,111.70247,5.0,1.0,0.0
G03FA10,110.39451,5.0,1.0,0.0
G03FA11,110.30504,5.0,1.0,0.0
G03FA12,111.443184,5.0,1.0,0.0
G03FA13,116.02875,5.0,1.0,0.0
G03FA14,112.850914,5.0,1.0,0.0
G03FA15,112.41732,5.0,1.0,0.0
G03FA16,116.489,5.0,1.0,0.0
G03FA17,115.249115,5.0,1.0,0.0
G03FB,107.61491,4.0,0.8,12.0
G03FB01,109.295425,5.0,1.0,0.0
G03FB02,106.09592,5.0,1.0,0.0
G03FB03,99.10137,5.0,1.0,0.0
G03FB04,101.94937,5.0,1.0,0.0
G03FB05,104.05614,5.0,1.0,0.0
G03FB06,103.2389,5.0,1.0,0.0
G03FB07,109.86974,5.0,1.0,0.0
G03FB08,102.62195,5.0,1.0,0.0
G03FB09,101.539246,5.0,1.0,0.0
G03FB10,103.9561,5.0,1.0,0.0
G03FB11,108.36415,5.0,1.0,0.0
G03FB12,107.39584,5.0,1.0,0.0
G03G,66.42291,3.0,0.6,16.0
G03GA,66.45915,4.0,0.8,11.0
G03GA01,65.274414,5.0,1.0,0.0
G03GA02,65.9032,5.0,1.0,0.0
G03GA03,64.38282,5.0,1.0,0.0
G03GA04,66.287605,5.0,1.0,0.0
G03GA05,66.617935,5.0,1.0,0.0
G03GA06,65.201645,5.0,1.0,0.0
G03GA07,64.73633,5.0,1.0,0.0
G03GA08,66.63316,5.0,1.0,0.0
G03GA09,66.00564,5.0,1.0,0.0
G03GA10,65.69912,5.0,1.0,0.0
G03GA30,64.636604,5.0,1.0,0.0
G03GB,60.51322,4.0,0.8,3.0
G03GB01,60.63706,5.0,1.0,0.0
G03GB02,60.619118,5.0,1.0,0.0
G03GB03,59.02643,5.0,1.0,0.0
G03H,70.86288,3.0,0.6,4.0
G03HA,70.76469,4.0,0.8,1.0
G03HA01,71.15901,5.0,1.0,0.0
G03HB,69.719826,4.0,0.8,1.0
G03HB01,69.378624,5.0,1.0,0.0
G03X,79.168564,3.0,0.6,15.0
G03XA,75.58118,4.0,0.8,2.0
G03XA01,76.00965,5.0,1.0,0.0
G03XA02,74.240364,5.0,1.0,0.0
G03XB,77.98203,4.0,0.8,3.0
G03XB01,76.17603,5.0,1.0,0.0
G03XB02,77.514824,5.0,1.0,0.0
G03XB51,76.95753,5.0,1.0,0.0
G03XC,80.40495,4.0,0.8,5.0
G03XC01,79.25982,5.0,1.0,0.0
G03XC02,78.54689,5.0,1.0,0.0
G03XC03,78.87461,5.0,1.0,0.0
G03XC04,78.52084,5.0,1.0,0.0
G03XC05,79.890114,5.0,1.0,0.0
G03XX,67.32605,4.0,0.8,1.0
G03XX01,67.38271,5.0,1.0,0.0
G04,40.702908,2.0,0.4,66.0
G04B,49.73941,3.0,0.6,45.0
G04BA,41.83888,4.0,0.8,2.0
G04BA01,41.452984,5.0,1.0,0.0
G04BA03,41.80831,5.0,1.0,0.0
G04BC,36.32092,4.0,1.0,0.0
G04BD,55.576187,4.0,0.8,15.0
G04BD01,55.099567,5.0,1.0,0.0
G04BD02,51.543846,5.0,1.0,0.0
G04BD03,51.977,5.0,1.0,0.0
G04BD04,54.55857,5.0,1.0,0.0
G04BD05,54.17469,5.0,1.0,0.0
G04BD06,55.78969,5.0,1.0,0.0
G04BD07,52.53123,5.0,1.0,0.0
G04BD08,50.407314,5.0,1.0,0.0
G04BD09,56.741436,5.0,1.0,0.0
G04BD10,50.221107,5.0,1.0,0.0
G04BD11,54.911694,5.0,1.0,0.0
G04BD12,52.133816,5.0,1.0,0.0
G04BD13,56.332703,5.0,1.0,0.0
G04BD14,54.40872,5.0,1.0,0.0
G04BD15,55.22834,5.0,1.0,0.0
G04BE,50.387688,4.0,0.8,12.0
G04BE01,49.211952,5.0,1.0,0.0
G04BE02,51.80081,5.0,1.0,0.0
G04BE03,51.897816,5.0,1.0,0.0
G04BE04,49.219437,5.0,1.0,0.0
G04BE06,49.07843,5.0,1.0,0.0
G04BE07,49.905365,5.0,1.0,0.0
G04BE08,48.33887,5.0,1.0,0.0
G04BE09,48.553898,5.0,1.0,0.0
G04BE10,49.38377,5.0,1.0,0.0
G04BE11,46.32967,5.0,1.0,0.0
G04BE30,50.01108,5.0,1.0,0.0
G04BE52,52.80064,5.0,1.0,0.0
G04BX,50.618946,4.0,0.8,11.0
G04BX01,49.033005,5.0,1.0,0.0
G04BX03,49.024536,5.0,1.0,0.0
G04BX06,49.49428,5.0,1.0,0.0
G04BX10,50.760254,5.0,1.0,0.0
G04BX11,50.641376,5.0,1.0,0.0
G04BX12,49.170475,5.0,1.0,0.0
G04BX13,48.975716,5.0,1.0,0.0
G04BX14,49.75367,5.0,1.0,0.0
G04BX15,50.82813,5.0,1.0,0.0
G04BX16,51.327503,5.0,1.0,0.0
G04BX17,46.598877,5.0,1.0,0.0
G04C,58.53157,3.0,0.6,19.0
G04CA,59.038506,4.0,0.8,9.0
G04CA01,59.424934,5.0,1.0,0.0
G04CA02,58.162014,5.0,1.0,0.0
G04CA03,57.503075,5.0,1.0,0.0
G04CA04,57.607662,5.0,1.0,0.0
G04CA51,58.31609,5.0,1.0,0.0
G04CA52,57.785103,5.0,1.0,0.0
G04CA53,58.979008,5.0,1.0,0.0
G04CA54,59.0876,5.0,1.0,0.0
G04CA55,58.48198,5.0,1.0,0.0
G04CB,52.260338,4.0,0.8,3.0
G04CB01,51.50947,5.0,1.0,0.0
G04CB02,52.212933,5.0,1.0,0.0
G04CB51,51.728603,5.0,1.0,0.0
G04CX,52.975388,4.0,0.8,4.0
G04CX01,52.755,5.0,1.0,0.0
G04CX02,52.384914,5.0,1.0,0.0
G04CX03,53.17386,5.0,1.0,0.0
G04CX04,52.49187,5.0,1.0,0.0
H,24.569996,1.0,0.2,131.0
H01,68.632965,2.0,0.4,46.0
H01A,86.261086,3.0,0.6,17.0
H01AA,75.13169,4.0,0.8,2.0
H01AA01,73.881935,5.0,1.0,0.0
H01AA02,76.455414,5.0,1.0,0.0
H01AB,70.26785,4.0,0.8,1.0
H01AB01,70.2361,5.0,1.0,0.0
H01AC,88.42873,4.0,0.8,9.0
H01AC01,87.66437,5.0,1.0,0.0
H01AC02,86.78404,5.0,1.0,0.0
H01AC03,85.82408,5.0,1.0,0.0
H01AC04,85.903946,5.0,1.0,0.0
H01AC05,85.431915,5.0,1.0,0.0
H01AC06,86.678894,5.0,1.0,0.0
H01AC07,87.58932,5.0,1.0,0.0
H01AC08,87.21864,5.0,1.0,0.0
H01AC09,87.37797,5.0,1.0,0.0
H01AX,74.042435,4.0,0.8,1.0
H01AX01,74.05571,5.0,1.0,0.0
H01B,54.69985,3.0,0.6,10.0
H01BA,54.787113,4.0,0.8,5.0
H01BA01,54.284897,5.0,1.0,0.0
H01BA02,54.495373,5.0,1.0,0.0
H01BA03,54.72332,5.0,1.0,0.0
H01BA04,54.536274,5.0,1.0,0.0
H01BA05,53.94968,5.0,1.0,0.0
H01BB,53.54126,4.0,0.8,3.0
H01BB01,53.280365,5.0,1.0,0.0
H01BB02,53.022316,5.0,1.0,0.0
H01BB03,53.25737,5.0,1.0,0.0
H01C,88.19659,3.0,0.6,16.0
H01CA,72.686844,4.0,0.8,2.0
H01CA01,73.17406,5.0,1.0,0.0
H01CA02,71.12378,5.0,1.0,0.0
H01CB,89.969574,4.0,0.8,5.0
H01CB01,89.302986,5.0,1.0,0.0
H01CB02,88.36243,5.0,1.0,0.0
H01CB03,87.895546,5.0,1.0,0.0
H01CB04,88.82743,5.0,1.0,0.0
H01CB05,89.7104,5.0,1.0,0.0
H01CC,88.21,4.0,0.8,6.0
H01CC01,89.32346,5.0,1.0,0.0
H01CC02,86.51975,5.0,1.0,0.0
H01CC03,87.26913,5.0,1.0,0.0
H01CC04,86.56973,5.0,1.0,0.0
H01CC53,86.6586,5.0,1.0,0.0
H01CC54,86.27753,5.0,1.0,0.0
H02,64.39285,2.0,0.4,32.0
H02A,66.478165,3.0,0.6,22.0
H02AA,59.665596,4.0,0.8,3.0
H02AA01,59.515602,5.0,1.0,0.0
H02AA02,60.169662,5.0,1.0,0.0
H02AA03,59.106686,5.0,1.0,0.0
H02AB,66.79086,4.0,0.8,17.0
H02AB01,64.624054,5.0,1.0,0.0
H02AB02,65.369545,5.0,1.0,0.0
H02AB03,68.1825,5.0,1.0,0.0
H02AB04,66.138145,5.0,1.0,0.0
H02AB05,65.345116,5.0,1.0,0.0
H02AB06,64.17773,5.0,1.0,0.0
H02AB07,67.50334,5.0,1.0,0.0
H02AB08,65.61798,5.0,1.0,0.0
H02AB09,66.56904,5.0,1.0,0.0
H02AB10,64.51908,5.0,1.0,0.0
H02AB11,67.279106,5.0,1.0,0.0
H02AB12,69.91883,5.0,1.0,0.0
H02AB13,67.760994,5.0,1.0,0.0
H02AB14,65.11204,5.0,1.0,0.0
H02AB15,63.321484,5.0,1.0,0.0
H02AB17,66.334175,5.0,1.0,0.0
H02AB18,63.724964,5.0,1.0,0.0
H02B,53.34269,3.0,0.6,2.0
H02BX,53.35496,4.0,0.8,1.0
H02BX01,53.66477,5.0,1.0,0.0
H02C,44.545593,3.0,0.6,5.0
H02CA,44.259815,4.0,0.8,4.0
H02CA01,44.193195,5.0,1.0,0.0
H02CA02,44.273827,5.0,1.0,0.0
H02CA03,43.9766,5.0,1.0,0.0
H02CA04,44.120667,5.0,1.0,0.0
H03,72.266975,2.0,0.4,24.0
H03A,70.51505,3.0,0.6,7.0
H03AA,70.41103,4.0,0.8,6.0
H03AA01,68.2833,5.0,1.0,0.0
H03AA02,69.50059,5.0,1.0,0.0
H03AA03,69.10279,5.0,1.0,0.0
H03AA04,68.684875,5.0,1.0,0.0
H03AA05,70.5397,5.0,1.0,0.0
H03AA51,70.26255,5.0,1.0,0.0
H03B,75.209236,3.0,0.6,13.0
H03BA,77.048416,4.0,0.8,3.0
H03BA01,75.91142,5.0,1.0,0.0
H03BA02,76.0533,5.0,1.0,0.0
H03BA03,76.20277,5.0,1.0,0.0
H03BB,71.75871,4.0,0.8,3.0
H03BB01,70.29427,5.0,1.0,0.0
H03BB02,72.31665,5.0,1.0,0.0
H03BB52,70.8753,5.0,1.0,0.0
H03BC,72.20607,4.0,0.8,1.0
H03BC01,72.78707,5.0,1.0,0.0
H03BX,71.41882,4.0,0.8,2.0
H03BX01,71.34563,5.0,1.0,0.0
H03BX02,70.525764,5.0,1.0,0.0
H03C,54.412735,3.0,0.75,1.0
H03CA,54.422867,4.0,1.0,0.0
H04,62.860523,2.0,0.4,4.0
H04A,62.876152,3.0,0.6,3.0
H04AA,62.7087,4.0,0.8,2.0
H04AA01,62.896362,5.0,1.0,0.0
H04AA02,62.20275,5.0,1.0,0.0
H05,54.22124,2.0,0.4,20.0
H05A,46.281555,3.0,0.6,6.0
H05AA,46.183582,4.0,0.8,5.0
H05AA01,45.52136,5.0,1.0,0.0
H05AA02,46.27653,5.0,1.0,0.0
H05AA03,46.437447,5.0,1.0,0.0
H05AA04,45.818256,5.0,1.0,0.0
H05AA05,46.212418,5.0,1.0,0.0
H05B,55.719128,3.0,0.6,12.0
H05BA,55.718105,4.0,0.8,4.0
H05BA01,55.25003,5.0,1.0,0.0
H05BA02,54.930393,5.0,1.0,0.0
H05BA03,55.245975,5.0,1.0,0.0
H05BA04,55.661217,5.0,1.0,0.0
H05BX,54.971474,4.0,0.8,6.0
H05BX01,55.682228,5.0,1.0,0.0
H05BX02,53.518307,5.0,1.0,0.0
H05BX03,54.121574,5.0,1.0,0.0
H05BX04,54.921402,5.0,1.0,0.0
H05BX05,53.190586,5.0,1.0,0.0
H05BX06,55.125084,5.0,1.0,0.0
J,9.056808,1.0,0.2,724.0
J01,22.539766,2.0,0.4,328.0
J01A,81.580246,3.0,0.6,18.0
J01AA,81.765495,4.0,0.8,17.0
J01AA01,80.84254,5.0,1.0,0.0
J01AA02,75.527596,5.0,1.0,0.0
J01AA03,74.36597,5.0,1.0,0.0
J01AA04,79.75974,5.0,1.0,0.0
J01AA05,79.1391,5.0,1.0,0.0
J01AA06,83.990685,5.0,1.0,0.0
J01AA07,78.756775,5.0,1.0,0.0
J01AA08,84.02223,5.0,1.0,0.0
J01AA09,80.41889,5.0,1.0,0.0
J01AA10,75.97006,5.0,1.0,0.0
J01AA11,79.96829,5.0,1.0,0.0
J01AA12,82.628105,5.0,1.0,0.0
J01AA13,83.71156,5.0,1.0,0.0
J01AA14,79.00682,5.0,1.0,0.0
J01AA15,76.89243,5.0,1.0,0.0
J01AA20,77.180626,5.0,1.0,0.0
J01AA56,77.52234,5.0,1.0,0.0
J01B,64.761475,3.0,0.6,4.0
J01BA,64.91749,4.0,0.8,3.0
J01BA01,63.959034,5.0,1.0,0.0
J01BA02,63.5805,5.0,1.0,0.0
J01BA52,64.08945,5.0,1.0,0.0
J01C,75.26651,3.0,0.6,51.0
J01CA,84.29321,4.0,0.8,21.0
J01CA01,75.23715,5.0,1.0,0.0
J01CA02,83.09377,5.0,1.0,0.0
J01CA03,83.945305,5.0,1.0,0.0
J01CA04,76.61272,5.0,1.0,0.0
J01CA05,80.72496,5.0,1.0,0.0
J01CA06,81.61658,5.0,1.0,0.0
J01CA07,79.78781,5.0,1.0,0.0
J01CA08,81.69133,5.0,1.0,0.0
J01CA09,80.686745,5.0,1.0,0.0
J01CA10,83.28543,5.0,1.0,0.0
J01CA11,85.11838,5.0,1.0,0.0
J01CA12,78.457146,5.0,1.0,0.0
J01CA13,74.98547,5.0,1.0,0.0
J01CA14,78.63128,5.0,1.0,0.0
J01CA15,77.429596,5.0,1.0,0.0
J01CA16,82.55953,5.0,1.0,0.0
J01CA17,85.68626,5.0,1.0,0.0
J01CA18,82.41766,5.0,1.0,0.0
J01CA19,77.51793,5.0,1.0,0.0
J01CA20,83.65285,5.0,1.0,0.0
J01CA51,70.31027,5.0,1.0,0.0
J01CE,85.70778,4.0,0.8,11.0
J01CE01,86.01377,5.0,1.0,0.0
J01CE02,82.07655,5.0,1.0,0.0
J01CE03,85.53092,5.0,1.0,0.0
J01CE04,84.1022,5.0,1.0,0.0
J01CE05,82.17162,5.0,1.0,0.0
J01CE06,84.559944,5.0,1.0,0.0
J01CE07,85.01113,5.0,1.0,0.0
J01CE08,79.785866,5.0,1.0,0.0
J01CE09,81.132065,5.0,1.0,0.0
J01CE10,83.35601,5.0,1.0,0.0
J01CE30,84.25604,5.0,1.0,0.0
J01CF,81.17964,4.0,0.8,6.0
J01CF01,80.562454,5.0,1.0,0.0
J01CF02,79.51201,5.0,1.0,0.0
J01CF03,79.31742,5.0,1.0,0.0
J01CF04,79.696075,5.0,1.0,0.0
J01CF05,79.9043,5.0,1.0,0.0
J01CF06,81.74323,5.0,1.0,0.0
J01CG,75.22223,4.0,0.8,2.0
J01CG01,75.55821,5.0,1.0,0.0
J01CG02,74.63908,5.0,1.0,0.0
J01CR,88.73974,4.0,0.8,6.0
J01CR01,86.246,5.0,1.0,0.0
J01CR02,87.24593,5.0,1.0,0.0
J01CR03,87.59581,5.0,1.0,0.0
J01CR04,89.86925,5.0,1.0,0.0
J01CR05,87.797424,5.0,1.0,0.0
J01CR50,85.07852,5.0,1.0,0.0
J01D,80.41684,3.0,0.6,80.0
J01DB,102.860146,4.0,0.8,12.0
J01DB01,103.318436,5.0,1.0,0.0
J01DB02,106.36412,5.0,1.0,0.0
J01DB03,93.71048,5.0,1.0,0.0
J01DB04,96.771935,5.0,1.0,0.0
J01DB05,97.19897,5.0,1.0,0.0
J01DB06,105.40377,5.0,1.0,0.0
J01DB07,94.30714,5.0,1.0,0.0
J01DB08,103.675316,5.0,1.0,0.0
J01DB09,100.83195,5.0,1.0,0.0
J01DB10,101.18278,5.0,1.0,0.0
J01DB11,99.219406,5.0,1.0,0.0
J01DB12,100.383385,5.0,1.0,0.0
J01DC,119.223656,4.0,0.8,15.0
J01DC01,116.38698,5.0,1.0,0.0
J01DC02,117.48707,5.0,1.0,0.0
J01DC03,107.56881,5.0,1.0,0.0
J01DC04,115.894936,5.0,1.0,0.0
J01DC05,117.65682,5.0,1.0,0.0
J01DC06,118.076614,5.0,1.0,0.0
J01DC07,110.20103,5.0,1.0,0.0
J01DC08,114.35288,5.0,1.0,0.0
J01DC09,113.21474,5.0,1.0,0.0
J01DC10,119.542496,5.0,1.0,0.0
J01DC11,99.775375,5.0,1.0,0.0
J01DC12,118.401764,5.0,1.0,0.0
J01DC13,120.542625,5.0,1.0,0.0
J01DC14,108.03542,5.0,1.0,0.0
J01DC52,110.963295,5.0,1.0,0.0
J01DD,104.04544,4.0,0.8,25.0
J01DD01,101.427536,5.0,1.0,0.0
J01DD02,101.35624,5.0,1.0,0.0
J01DD03,102.24697,5.0,1.0,0.0
J01DD04,87.23645,5.0,1.0,0.0
J01DD05,99.205414,5.0,1.0,0.0
J01DD06,108.026955,5.0,1.0,0.0
J01DD07,102.74885,5.0,1.0,0.0
J01DD08,98.64782,5.0,1.0,0.0
J01DD09,105.28178,5.0,1.0,0.0
J01DD10,93.76251,5.0,1.0,0.0
J01DD11,109.276344,5.0,1.0,0.0
J01DD12,92.8273,5.0,1.0,0.0
J01DD13,91.58079,5.0,1.0,0.0
J01DD14,98.77212,5.0,1.0,0.0
J01DD15,103.99759,5.0,1.0,0.0
J01DD16,88.65617,5.0,1.0,0.0
J01DD17,92.900764,5.0,1.0,0.0
J01DD18,106.681206,5.0,1.0,0.0
J01DD51,89.99408,5.0,1.0,0.0
J01DD52,99.74149,5.0,1.0,0.0
J01DD54,99.096,5.0,1.0,0.0
J01DD58,102.669785,5.0,1.0,0.0
J01DD62,107.699936,5.0,1.0,0.0
J01DD63,92.65907,5.0,1.0,0.0
J01DD64,105.036316,5.0,1.0,0.0
J01DE,90.242744,4.0,0.8,4.0
J01DE01,87.82017,5.0,1.0,0.0
J01DE02,87.7982,5.0,1.0,0.0
J01DE03,89.14501,5.0,1.0,0.0
J01DE51,88.3164,5.0,1.0,0.0
J01DF,68.59105,4.0,0.8,3.0
J01DF01,68.416016,5.0,1.0,0.0
J01DF02,67.50371,5.0,1.0,0.0
J01DF51,66.80216,5.0,1.0,0.0
J01DH,92.7873,4.0,0.8,9.0
J01DH02,92.46046,5.0,1.0,0.0
J01DH03,89.982925,5.0,1.0,0.0
J01DH04,90.82822,5.0,1.0,0.0
J01DH05,92.102516,5.0,1.0,0.0
J01DH06,92.91909,5.0,1.0,0.0
J01DH51,90.12538,5.0,1.0,0.0
J01DH52,91.41169,5.0,1.0,0.0
J01DH55,94.800835,5.0,1.0,0.0
J01DH56,88.371544,5.0,1.0,0.0
J01DI,85.00578,4.0,0.8,5.0
J01DI01,83.43084,5.0,1.0,0.0
J01DI02,84.163155,5.0,1.0,0.0
J01DI03,85.470985,5.0,1.0,0.0
J01DI04,83.29985,5.0,1.0,0.0
J01DI54,84.79262,5.0,1.0,0.0
J01E,75.346214,3.0,0.6,38.0
J01EA,64.44741,4.0,0.8,3.0
J01EA01,63.656673,5.0,1.0,0.0
J01EA02,63.558628,5.0,1.0,0.0
J01EA03,63.593376,5.0,1.0,0.0
J01EB,81.02863,4.0,0.8,9.0
J01EB01,81.56522,5.0,1.0,0.0
J01EB02,81.50268,5.0,1.0,0.0
J01EB03,79.10746,5.0,1.0,0.0
J01EB04,78.76551,5.0,1.0,0.0
J01EB05,78.69711,5.0,1.0,0.0
J01EB06,77.58492,5.0,1.0,0.0
J01EB07,78.700165,5.0,1.0,0.0
J01EB08,81.92686,5.0,1.0,0.0
J01EB20,75.55602,5.0,1.0,0.0
J01EC,83.78387,4.0,0.8,4.0
J01EC01,82.46224,5.0,1.0,0.0
J01EC02,82.2101,5.0,1.0,0.0
J01EC03,81.82771,5.0,1.0,0.0
J01EC20,82.31883,5.0,1.0,0.0
J01ED,79.41403,4.0,0.8,10.0
J01ED01,78.262146,5.0,1.0,0.0
J01ED02,76.493996,5.0,1.0,0.0
J01ED03,72.927795,5.0,1.0,0.0
J01ED04,79.01257,5.0,1.0,0.0
J01ED05,77.79133,5.0,1.0,0.0
J01ED06,79.389206,5.0,1.0,0.0
J01ED07,77.82798,5.0,1.0,0.0
J01ED08,79.26556,5.0,1.0,0.0
J01ED09,79.047554,5.0,1.0,0.0
J01ED20,78.03393,5.0,1.0,0.0
J01EE,80.303474,4.0,0.8,7.0
J01EE01,77.728226,5.0,1.0,0.0
J01EE02,79.28785,5.0,1.0,0.0
J01EE03,78.89606,5.0,1.0,0.0
J01EE04,81.14481,5.0,1.0,0.0
J01EE05,77.3972,5.0,1.0,0.0
J01EE06,78.83923,5.0,1.0,0.0
J01EE07,79.02262,5.0,1.0,0.0
J01F,67.065834,3.0,0.6,22.0
J01FA,67.50885,4.0,0.8,15.0
J01FA01,67.52731,5.0,1.0,0.0
J01FA02,59.416058,5.0,1.0,0.0
J01FA03,67.95339,5.0,1.0,0.0
J01FA05,65.29393,5.0,1.0,0.0
J01FA06,63.903442,5.0,1.0,0.0
J01FA07,66.94136,5.0,1.0,0.0
J01FA08,68.39678,5.0,1.0,0.0
J01FA09,65.33813,5.0,1.0,0.0
J01FA10,63.998287,5.0,1.0,0.0
J01FA11,67.191895,5.0,1.0,0.0
J01FA12,62.99515,5.0,1.0,0.0
J01FA13,65.84123,5.0,1.0,0.0
J01FA14,63.37965,5.0,1.0,0.0
J01FA15,67.213715,5.0,1.0,0.0
J01FA16,66.15071,5.0,1.0,0.0
J01FF,65.5718,4.0,0.8,2.0
J01FF01,65.645195,5.0,1.0,0.0
J01FF02,65.68057,5.0,1.0,0.0
J01FG,57.668297,4.0,0.8,2.0
J01FG01,57.32205,5.0,1.0,0.0
J01FG02,57.967983,5.0,1.0,0.0
J01G,67.98539,3.0,0.6,17.0
J01GA,61.060875,4.0,0.8,2.0
J01GA01,60.334732,5.0,1.0,0.0
J01GA02,61.24106,5.0,1.0,0.0
J01GB,67.97875,4.0,0.8,13.0
J01GB01,66.962036,5.0,1.0,0.0
J01GB03,69.217606,5.0,1.0,0.0
J01GB04,63.9339,5.0,1.0,0.0
J01GB05,67.25171,5.0,1.0,0.0
J01GB06,66.16753,5.0,1.0,0.0
J01GB07,67.38598,5.0,1.0,0.0
J01GB08,69.68377,5.0,1.0,0.0
J01GB09,62.684555,5.0,1.0,0.0
J01GB10,66.829346,5.0,1.0,0.0
J01GB11,64.25979,5.0,1.0,0.0
J01GB12,70.0316,5.0,1.0,0.0
J01GB13,65.31426,5.0,1.0,0.0
J01GB14,66.25534,5.0,1.0,0.0
J01M,71.65073,3.0,0.6,34.0
J01MA,72.94493,4.0,0.8,24.0
J01MA01,72.981125,5.0,1.0,0.0
J01MA02,66.91677,5.0,1.0,0.0
J01MA03,72.938324,5.0,1.0,0.0
J01MA04,73.405205,5.0,1.0,0.0
J01MA05,66.85959,5.0,1.0,0.0
J01MA06,68.88092,5.0,1.0,0.0
J01MA07,71.58494,5.0,1.0,0.0
J01MA08,68.51682,5.0,1.0,0.0
J01MA09,69.03859,5.0,1.0,0.0
J01MA10,68.3546,5.0,1.0,0.0
J01MA11,71.88498,5.0,1.0,0.0
J01MA12,69.29223,5.0,1.0,0.0
J01MA13,67.0075,5.0,1.0,0.0
J01MA14,71.355644,5.0,1.0,0.0
J01MA15,68.81273,5.0,1.0,0.0
J01MA16,73.53743,5.0,1.0,0.0
J01MA17,72.21945,5.0,1.0,0.0
J01MA18,72.04883,5.0,1.0,0.0
J01MA19,70.56041,5.0,1.0,0.0
J01MA21,72.07001,5.0,1.0,0.0
J01MA22,73.00727,5.0,1.0,0.0
J01MA23,66.94724,5.0,1.0,0.0
J01MA24,62.506626,5.0,1.0,0.0
J01MA25,68.07652,5.0,1.0,0.0
J01MB,71.189255,4.0,0.8,8.0
J01MB01,71.10804,5.0,1.0,0.0
J01MB02,70.49917,5.0,1.0,0.0
J01MB03,70.99712,5.0,1.0,0.0
J01MB04,70.81453,5.0,1.0,0.0
J01MB05,70.03874,5.0,1.0,0.0
J01MB06,69.873405,5.0,1.0,0.0
J01MB07,70.306206,5.0,1.0,0.0
J01MB08,66.702255,5.0,1.0,0.0
J01R,71.102005,3.0,0.6,20.0
J01RA,71.1226,4.0,0.8,19.0
J01RA01,67.9561,5.0,1.0,0.0
J01RA02,66.46374,5.0,1.0,0.0
J01RA03,68.79858,5.0,1.0,0.0
J01RA04,63.89685,5.0,1.0,0.0
J01RA05,70.02089,5.0,1.0,0.0
J01RA06,65.44494,5.0,1.0,0.0
J01RA07,69.63591,5.0,1.0,0.0
J01RA08,69.20607,5.0,1.0,0.0
J01RA09,71.422356,5.0,1.0,0.0
J01RA10,63.16824,5.0,1.0,0.0
J01RA11,73.8613,5.0,1.0,0.0
J01RA12,68.275276,5.0,1.0,0.0
J01RA13,66.6369,5.0,1.0,0.0
J01RA14,72.397644,5.0,1.0,0.0
J01RA15,68.71214,5.0,1.0,0.0
J01RA16,61.197323,5.0,1.0,0.0
J01RA17,68.77036,5.0,1.0,0.0
J01RA18,71.490715,5.0,1.0,0.0
J01RA19,69.95057,5.0,1.0,0.0
J01X,54.75426,3.0,0.6,34.0
J01XA,58.799343,4.0,0.8,5.0
J01XA01,57.822044,5.0,1.0,0.0
J01XA02,56.980225,5.0,1.0,0.0
J01XA03,58.245995,5.0,1.0,0.0
J01XA04,57.946594,5.0,1.0,0.0
J01XA05,59.27973,5.0,1.0,0.0
J01XB,53.098427,4.0,0.8,2.0
J01XB01,52.495186,5.0,1.0,0.0
J01XB02,52.832092,5.0,1.0,0.0
J01XC,60.02811,4.0,0.8,1.0
J01XC01,59.97248,5.0,1.0,0.0
J01XD,57.22787,4.0,0.8,3.0
J01XD01,56.658123,5.0,1.0,0.0
J01XD02,57.093307,5.0,1.0,0.0
J01XD03,56.389957,5.0,1.0,0.0
J01XE,53.46132,4.0,0.8,4.0
J01XE01,53.083496,5.0,1.0,0.0
J01XE02,52.785427,5.0,1.0,0.0
J01XE03,53.161293,5.0,1.0,0.0
J01XE51,52.496178,5.0,1.0,0.0
J01XX,55.995815,4.0,0.8,13.0
J01XX01,56.668583,5.0,1.0,0.0
J01XX02,54.555237,5.0,1.0,0.0
J01XX03,54.941025,5.0,1.0,0.0
J01XX04,53.46893,5.0,1.0,0.0
J01XX05,54.21321,5.0,1.0,0.0
J01XX06,54.185738,5.0,1.0,0.0
J01XX07,55.387814,5.0,1.0,0.0
J01XX08,55.411533,5.0,1.0,0.0
J01XX09,56.80472,5.0,1.0,0.0
J01XX10,54.85964,5.0,1.0,0.0
J01XX11,53.560814,5.0,1.0,0.0
J01XX12,55.328857,5.0,1.0,0.0
J01XX13,54.560616,5.0,1.0,0.0
J02,37.35281,2.0,0.4,21.0
J02A,37.354008,3.0,0.6,20.0
J02AA,33.77541,4.0,0.8,2.0
J02AA01,33.86538,5.0,1.0,0.0
J02AA02,33.6516,5.0,1.0,0.0
J02AB,30.114115,4.0,0.8,2.0
J02AB01,30.453503,5.0,1.0,0.0
J02AB02,30.2826,5.0,1.0,0.0
J02AC,38.322445,4.0,0.8,6.0
J02AC01,37.57843,5.0,1.0,0.0
J02AC02,37.79229,5.0,1.0,0.0
J02AC03,38.176064,5.0,1.0,0.0
J02AC04,38.66718,5.0,1.0,0.0
J02AC05,37.69951,5.0,1.0,0.0
J02AC06,37.278996,5.0,1.0,0.0
J02AX,37.742027,4.0,0.8,6.0
J02AX01,37.106995,5.0,1.0,0.0
J02AX04,37.242874,5.0,1.0,0.0
J02AX05,37.621418,5.0,1.0,0.0
J02AX06,37.39584,5.0,1.0,0.0
J02AX07,37.20791,5.0,1.0,0.0
J02AX08,38.071156,5.0,1.0,0.0
J04,32.954906,2.0,0.4,50.0
J04A,34.13848,3.0,0.6,42.0
J04AA,37.50436,4.0,0.8,3.0
J04AA01,37.486065,5.0,1.0,0.0
J04AA02,36.711704,5.0,1.0,0.0
J04AA03,37.59754,5.0,1.0,0.0
J04AB,38.16253,4.0,0.8,7.0
J04AB01,37.908104,5.0,1.0,0.0
J04AB02,39.033436,5.0,1.0,0.0
J04AB03,37.725994,5.0,1.0,0.0
J04AB04,38.35804,5.0,1.0,0.0
J04AB05,37.41719,5.0,1.0,0.0
J04AB06,38.116566,5.0,1.0,0.0
J04AB30,37.462456,5.0,1.0,0.0
J04AC,25.435589,4.0,0.8,3.0
J04AC01,25.1514,5.0,1.0,0.0
J04AC02,25.508137,5.0,1.0,0.0
J04AC51,25.60354,5.0,1.0,0.0
J04AD,35.047256,4.0,0.8,3.0
J04AD01,35.00568,5.0,1.0,0.0
J04AD02,34.526497,5.0,1.0,0.0
J04AD03,34.88267,5.0,1.0,0.0
J04AK,34.795513,4.0,0.8,8.0
J04AK01,34.254078,5.0,1.0,0.0
J04AK02,35.20815,5.0,1.0,0.0
J04AK03,34.6169,5.0,1.0,0.0
J04AK04,33.204964,5.0,1.0,0.0
J04AK05,34.04827,5.0,1.0,0.0
J04AK06,34.77932,5.0,1.0,0.0
J04AK07,34.65662,5.0,1.0,0.0
J04AK08,34.479687,5.0,1.0,0.0
J04AM,35.367306,4.0,0.8,12.0
J04AM01,35.39982,5.0,1.0,0.0
J04AM02,34.14584,5.0,1.0,0.0
J04AM03,35.41573,5.0,1.0,0.0
J04AM04,34.298508,5.0,1.0,0.0
J04AM05,35.666965,5.0,1.0,0.0
J04AM06,35.32654,5.0,1.0,0.0
J04AM07,33.844074,5.0,1.0,0.0
J04AM08,35.87063,5.0,1.0,0.0
J04AM09,35.97648,5.0,1.0,0.0
J04AM10,34.232376,5.0,1.0,0.0
J04AM11,35.292828,5.0,1.0,0.0
J04AM12,34.90559,5.0,1.0,0.0
J04B,37.73925,3.0,0.6,6.0
J04BA,37.760067,4.0,0.8,5.0
J04BA01,37.48611,5.0,1.0,0.0
J04BA02,37.21765,5.0,1.0,0.0
J04BA03,38.213467,5.0,1.0,0.0
J04BA50,37.04487,5.0,1.0,0.0
J04BA51,37.712788,5.0,1.0,0.0
J05,30.094559,2.0,0.4,143.0
J05A,29.692686,3.0,0.6,142.0
J05AA,59.349174,4.0,0.8,1.0
J05AA01,59.073643,5.0,1.0,0.0
J05AB,52.932697,4.0,0.8,13.0
J05AB01,54.282154,5.0,1.0,0.0
J05AB02,50.830353,5.0,1.0,0.0
J05AB03,50.87773,5.0,1.0,0.0
J05AB06,51.557106,5.0,1.0,0.0
J05AB09,51.538815,5.0,1.0,0.0
J05AB11,51.55898,5.0,1.0,0.0
J05AB12,50.66636,5.0,1.0,0.0
J05AB13,49.30689,5.0,1.0,0.0
J05AB14,46.951946,5.0,1.0,0.0
J05AB15,51.12586,5.0,1.0,0.0
J05AB16,49.77667,5.0,1.0,0.0
J05AB17,51.49325,5.0,1.0,0.0
J05AB18,53.064014,5.0,1.0,0.0
J05AC,50.580296,4.0,0.8,2.0
J05AC02,49.68456,5.0,1.0,0.0
J05AC03,49.569897,5.0,1.0,0.0
J05AD,58.980618,4.0,0.8,2.0
J05AD01,57.72804,5.0,1.0,0.0
J05AD02,58.409885,5.0,1.0,0.0
J05AE,59.990288,4.0,0.8,11.0
J05AE01,54.691017,5.0,1.0,0.0
J05AE02,57.26791,5.0,1.0,0.0
J05AE03,59.95675,5.0,1.0,0.0
J05AE04,58.10454,5.0,1.0,0.0
J05AE05,56.43292,5.0,1.0,0.0
J05AE07,57.093853,5.0,1.0,0.0
J05AE08,60.332214,5.0,1.0,0.0
J05AE09,58.06705,5.0,1.0,0.0
J05AE10,59.275513,5.0,1.0,0.0
J05AE16,53.27315,5.0,1.0,0.0
J05AE30,59.698734,5.0,1.0,0.0
J05AF,45.519592,4.0,0.8,13.0
J05AF01,44.232,5.0,1.0,0.0
J05AF02,43.86502,5.0,1.0,0.0
J05AF03,43.422596,5.0,1.0,0.0
J05AF04,44.590664,5.0,1.0,0.0
J05AF05,45.560566,5.0,1.0,0.0
J05AF06,45.413464,5.0,1.0,0.0
J05AF07,42.021923,5.0,1.0,0.0
J05AF08,41.93292,5.0,1.0,0.0
J05AF09,44.348354,5.0,1.0,0.0
J05AF10,44.978912,5.0,1.0,0.0
J05AF11,44.25756,5.0,1.0,0.0
J05AF12,40.806526,5.0,1.0,0.0
J05AF13,45.20343,5.0,1.0,0.0
J05AG,59.591015,4.0,0.8,7.0
J05AG01,58.90879,5.0,1.0,0.0
J05AG02,56.99481,5.0,1.0,0.0
J05AG03,58.606167,5.0,1.0,0.0
J05AG04,58.8313,5.0,1.0,0.0
J05AG05,58.23097,5.0,1.0,0.0
J05AG06,58.626656,5.0,1.0,0.0
J05AG07,58.33102,5.0,1.0,0.0
J05AH,55.121567,4.0,0.8,4.0
J05AH01,53.614784,5.0,1.0,0.0
J05AH02,54.858326,5.0,1.0,0.0
J05AH03,54.60678,5.0,1.0,0.0
J05AH04,54.91994,5.0,1.0,0.0
J05AJ,49.10532,4.0,0.8,4.0
J05AJ01,48.34585,5.0,1.0,0.0
J05AJ02,48.956455,5.0,1.0,0.0
J05AJ03,47.990837,5.0,1.0,0.0
J05AJ04,48.766468,5.0,1.0,0.0
J05AP,60.401096,4.0,0.8,22.0
J05AP01,59.72729,5.0,1.0,0.0
J05AP02,60.120632,5.0,1.0,0.0
J05AP03,49.136524,5.0,1.0,0.0
J05AP04,60.56011,5.0,1.0,0.0
J05AP05,59.7227,5.0,1.0,0.0
J05AP06,59.600914,5.0,1.0,0.0
J05AP07,55.569542,5.0,1.0,0.0
J05AP08,55.493793,5.0,1.0,0.0
J05AP09,60.389317,5.0,1.0,0.0
J05AP10,56.918194,5.0,1.0,0.0
J05AP11,57.5063,5.0,1.0,0.0
J05AP12,57.47978,5.0,1.0,0.0
J05AP13,54.666054,5.0,1.0,0.0
J05AP14,54.0333,5.0,1.0,0.0
J05AP51,56.87612,5.0,1.0,0.0
J05AP52,56.12749,5.0,1.0,0.0
J05AP53,54.177708,5.0,1.0,0.0
J05AP54,60.449623,5.0,1.0,0.0
J05AP55,60.084473,5.0,1.0,0.0
J05AP56,49.174976,5.0,1.0,0.0
J05AP57,60.059933,5.0,1.0,0.0
J05AP58,60.34969,5.0,1.0,0.0
J05AR,47.309803,4.0,0.8,29.0
J05AR01,49.523464,5.0,1.0,0.0
J05AR02,42.6281,5.0,1.0,0.0
J05AR03,48.023773,5.0,1.0,0.0
J05AR04,45.63155,5.0,1.0,0.0
J05AR05,42.89336,5.0,1.0,0.0
J05AR06,36.824078,5.0,1.0,0.0
J05AR07,43.582214,5.0,1.0,0.0
J05AR08,37.243286,5.0,1.0,0.0
J05AR09,51.707684,5.0,1.0,0.0
J05AR10,46.257534,5.0,1.0,0.0
J05AR11,43.021492,5.0,1.0,0.0
J05AR12,47.112095,5.0,1.0,0.0
J05AR13,48.210796,5.0,1.0,0.0
J05AR14,48.776123,5.0,1.0,0.0
J05AR15,47.490555,5.0,1.0,0.0
J05AR16,47.982136,5.0,1.0,0.0
J05AR17,42.933224,5.0,1.0,0.0
J05AR18,47.729546,5.0,1.0,0.0
J05AR19,49.464977,5.0,1.0,0.0
J05AR20,47.07701,5.0,1.0,0.0
J05AR21,36.78838,5.0,1.0,0.0
J05AR22,46.944458,5.0,1.0,0.0
J05AR23,34.813835,5.0,1.0,0.0
J05AR24,39.839516,5.0,1.0,0.0
J05AR25,52.056995,5.0,1.0,0.0
J05AR26,41.7862,5.0,1.0,0.0
J05AR27,50.753384,5.0,1.0,0.0
J05AR28,45.940117,5.0,1.0,0.0
J05AR29,49.709175,5.0,1.0,0.0
J05AX,65.84979,4.0,0.8,22.0
J05AX01,62.445656,5.0,1.0,0.0
J05AX02,64.602234,5.0,1.0,0.0
J05AX05,61.27294,5.0,1.0,0.0
J05AX06,63.179607,5.0,1.0,0.0
J05AX07,66.71678,5.0,1.0,0.0
J05AX09,54.739788,5.0,1.0,0.0
J05AX10,54.165924,5.0,1.0,0.0
J05AX13,65.20554,5.0,1.0,0.0
J05AX17,54.152588,5.0,1.0,0.0
J05AX18,64.45187,5.0,1.0,0.0
J05AX19,62.343254,5.0,1.0,0.0
J05AX21,66.99443,5.0,1.0,0.0
J05AX23,63.495785,5.0,1.0,0.0
J05AX24,66.16517,5.0,1.0,0.0
J05AX25,59.048664,5.0,1.0,0.0
J05AX26,65.65417,5.0,1.0,0.0
J05AX27,63.89972,5.0,1.0,0.0
J05AX28,59.301754,5.0,1.0,0.0
J05AX29,61.508305,5.0,1.0,0.0
J05AX31,62.6854,5.0,1.0,0.0
J05AX32,60.26166,5.0,1.0,0.0
J05AX33,64.89583,5.0,1.0,0.0
J06,31.881596,2.0,0.4,45.0
J06A,34.47987,3.0,0.6,7.0
J06AA,34.34424,4.0,0.8,6.0
J06AA01,33.942387,5.0,1.0,0.0
J06AA02,34.366314,5.0,1.0,0.0
J06AA03,34.272827,5.0,1.0,0.0
J06AA04,34.753326,5.0,1.0,0.0
J06AA05,34.032173,5.0,1.0,0.0
J06AA06,33.800453,5.0,1.0,0.0
J06B,33.050037,3.0,0.6,36.0
J06BA,26.116243,4.0,0.8,2.0
J06BA01,25.982485,5.0,1.0,0.0
J06BA02,26.222155,5.0,1.0,0.0
J06BB,33.997807,4.0,0.8,17.0
J06BB01,33.91856,5.0,1.0,0.0
J06BB02,33.629276,5.0,1.0,0.0
J06BB03,33.34875,5.0,1.0,0.0
J06BB04,32.659073,5.0,1.0,0.0
J06BB05,33.123123,5.0,1.0,0.0
J06BB06,34.756054,5.0,1.0,0.0
J06BB07,31.932585,5.0,1.0,0.0
J06BB08,32.37708,5.0,1.0,0.0
J06BB09,34.153244,5.0,1.0,0.0
J06BB10,32.127945,5.0,1.0,0.0
J06BB11,34.44764,5.0,1.0,0.0
J06BB12,33.73797,5.0,1.0,0.0
J06BB13,35.703804,5.0,1.0,0.0
J06BB14,35.191494,5.0,1.0,0.0
J06BB15,31.796099,5.0,1.0,0.0
J06BB19,33.66266,5.0,1.0,0.0
J06BB30,33.15045,5.0,1.0,0.0
J06BC,30.670134,4.0,0.8,4.0
J06BC01,30.721666,5.0,1.0,0.0
J06BC02,30.856596,5.0,1.0,0.0
J06BC03,30.440523,5.0,1.0,0.0
J06BC04,30.025913,5.0,1.0,0.0
J06BD,33.859478,4.0,0.8,9.0
J06BD01,33.845814,5.0,1.0,0.0
J06BD02,32.372543,5.0,1.0,0.0
J06BD03,33.125145,5.0,1.0,0.0
J06BD04,32.506176,5.0,1.0,0.0
J06BD05,33.818954,5.0,1.0,0.0
J06BD06,33.422737,5.0,1.0,0.0
J06BD07,34.838833,5.0,1.0,0.0
J06BD08,31.51324,5.0,1.0,0.0
J06BD09,32.95435,5.0,1.0,0.0
J07,22.883673,2.0,0.4,131.0
J07A,34.218925,3.0,0.6,54.0
J07AC,39.052685,4.0,0.8,1.0
J07AC01,38.67201,5.0,1.0,0.0
J07AD,41.692654,4.0,0.8,1.0
J07AD01,41.370235,5.0,1.0,0.0
J07AE,42.97598,4.0,0.8,3.0
J07AE01,43.0837,5.0,1.0,0.0
J07AE02,42.658295,5.0,1.0,0.0
J07AE51,42.63266,5.0,1.0,0.0
J07AF,36.549297,4.0,0.8,1.0
J07AF01,36.67492,5.0,1.0,0.0
J07AG,41.391903,4.0,0.8,5.0
J07AG01,41.36939,5.0,1.0,0.0
J07AG51,41.099815,5.0,1.0,0.0
J07AG52,40.21556,5.0,1.0,0.0
J07AG53,41.573116,5.0,1.0,0.0
J07AG54,40.606365,5.0,1.0,0.0
J07AH,40.89382,4.0,0.8,11.0
J07AH01,41.722557,5.0,1.0,0.0
J07AH02,40.150784,5.0,1.0,0.0
J07AH03,38.85019,5.0,1.0,0.0
J07AH04,39.91571,5.0,1.0,0.0
J07AH05,40.365906,5.0,1.0,0.0
J07AH06,40.494995,5.0,1.0,0.0
J07AH07,40.403572,5.0,1.0,0.0
J07AH08,41.642525,5.0,1.0,0.0
J07AH09,40.88366,5.0,1.0,0.0
J07AH10,41.328876,5.0,1.0,0.0
J07AH11,38.451424,5.0,1.0,0.0
J07AJ,43.126682,4.0,0.8,4.0
J07AJ01,42.162827,5.0,1.0,0.0
J07AJ02,43.185165,5.0,1.0,0.0
J07AJ51,43.0844,5.0,1.0,0.0
J07AJ52,43.028915,5.0,1.0,0.0
J07AK,45.498257,4.0,0.8,1.0
J07AK01,45.287235,5.0,1.0,0.0
J07AL,44.25779,4.0,0.8,3.0
J07AL01,43.7297,5.0,1.0,0.0
J07AL02,44.094494,5.0,1.0,0.0
J07AL52,44.017086,5.0,1.0,0.0
J07AM,43.84139,4.0,0.8,3.0
J07AM01,43.183228,5.0,1.0,0.0
J07AM51,43.55415,5.0,1.0,0.0
J07AM52,43.402767,5.0,1.0,0.0
J07AN,37.357864,4.0,0.8,1.0
J07AN01,37.579887,5.0,1.0,0.0
J07AP,44.880146,4.0,0.8,4.0
J07AP01,44.715576,5.0,1.0,0.0
J07AP02,44.490993,5.0,1.0,0.0
J07AP03,44.42375,5.0,1.0,0.0
J07AP10,44.015427,5.0,1.0,0.0
J07AR,41.51276,4.0,0.8,1.0
J07AR01,41.135654,5.0,1.0,0.0
J07AX,43.26867,4.0,0.8,1.0
J07AX01,43.2824,5.0,1.0,0.0
J07B,44.8696,3.0,0.6,57.0
J07BA,41.3418,4.0,0.8,3.0
J07BA01,41.232533,5.0,1.0,0.0
J07BA02,41.413425,5.0,1.0,0.0
J07BA03,41.49714,5.0,1.0,0.0
J07BB,54.655613,4.0,0.8,5.0
J07BB01,54.540966,5.0,1.0,0.0
J07BB02,54.45406,5.0,1.0,0.0
J07BB03,54.2272,5.0,1.0,0.0
J07BB04,54.17757,5.0,1.0,0.0
J07BB05,53.62799,5.0,1.0,0.0
J07BC,48.65106,4.0,0.8,3.0
J07BC01,48.818916,5.0,1.0,0.0
J07BC02,48.340363,5.0,1.0,0.0
J07BC20,48.096386,5.0,1.0,0.0
J07BD,56.155197,4.0,0.8,5.0
J07BD01,55.471664,5.0,1.0,0.0
J07BD51,55.290264,5.0,1.0,0.0
J07BD52,56.02169,5.0,1.0,0.0
J07BD53,55.972664,5.0,1.0,0.0
J07BD54,55.153797,5.0,1.0,0.0
J07BE,49.094627,4.0,0.8,1.0
J07BE01,49.471973,5.0,1.0,0.0
J07BF,57.630512,4.0,0.8,4.0
J07BF01,57.728268,5.0,1.0,0.0
J07BF02,57.35116,5.0,1.0,0.0
J07BF03,56.552963,5.0,1.0,0.0
J07BF04,57.64695,5.0,1.0,0.0
J07BG,37.63922,4.0,0.8,1.0
J07BG01,37.4158,5.0,1.0,0.0
J07BH,52.69533,4.0,0.8,2.0
J07BH01,52.676224,5.0,1.0,0.0
J07BH02,51.767437,5.0,1.0,0.0
J07BJ,39.608444,4.0,0.8,2.0
J07BJ01,39.159943,5.0,1.0,0.0
J07BJ51,39.664948,5.0,1.0,0.0
J07BK,52.201218,4.0,0.8,3.0
J07BK01,51.624237,5.0,1.0,0.0
J07BK02,51.61174,5.0,1.0,0.0
J07BK03,51.826683,5.0,1.0,0.0
J07BL,44.726128,4.0,0.8,1.0
J07BL01,44.969128,5.0,1.0,0.0
J07BM,58.16799,4.0,0.8,3.0
J07BM01,56.930286,5.0,1.0,0.0
J07BM02,57.60219,5.0,1.0,0.0
J07BM03,57.67206,5.0,1.0,0.0
J07BN,48.687775,4.0,0.8,5.0
J07BN01,48.13892,5.0,1.0,0.0
J07BN02,48.508713,5.0,1.0,0.0
J07BN03,48.989258,5.0,1.0,0.0
J07BN04,47.786575,5.0,1.0,0.0
J07BN05,49.307003,5.0,1.0,0.0
J07BX,52.90437,4.0,0.8,5.0
J07BX01,52.083538,5.0,1.0,0.0
J07BX02,53.44907,5.0,1.0,0.0
J07BX04,51.4553,5.0,1.0,0.0
J07BX05,53.26382,5.0,1.0,0.0
J07BX06,52.23346,5.0,1.0,0.0
J07C,51.711567,3.0,0.6,14.0
J07CA,51.595135,4.0,0.8,13.0
J07CA01,52.107834,5.0,1.0,0.0
J07CA02,51.15953,5.0,1.0,0.0
J07CA03,51.28545,5.0,1.0,0.0
J07CA04,51.176594,5.0,1.0,0.0
J07CA05,51.849247,5.0,1.0,0.0
J07CA06,49.348595,5.0,1.0,0.0
J07CA07,47.005886,5.0,1.0,0.0
J07CA08,49.170685,5.0,1.0,0.0
J07CA09,50.3462,5.0,1.0,0.0
J07CA10,50.233295,5.0,1.0,0.0
J07CA11,45.341587,5.0,1.0,0.0
J07CA12,48.579475,5.0,1.0,0.0
J07CA13,52.48738,5.0,1.0,0.0
J07X,51.543392,3.0,0.6,2.0
J07XA,52.279346,4.0,0.8,1.0
J07XA01,51.69253,5.0,1.0,0.0
L,12.886769,1.0,0.2,625.0
L01,22.089998,2.0,0.4,401.0
L01A,54.030533,3.0,0.6,34.0
L01AA,57.64826,4.0,0.8,9.0
L01AA01,57.65716,5.0,1.0,0.0
L01AA02,55.04346,5.0,1.0,0.0
L01AA03,56.294907,5.0,1.0,0.0
L01AA05,55.08433,5.0,1.0,0.0
L01AA06,55.34759,5.0,1.0,0.0
L01AA07,57.31639,5.0,1.0,0.0
L01AA08,57.31435,5.0,1.0,0.0
L01AA09,56.863724,5.0,1.0,0.0
L01AA10,54.230114,5.0,1.0,0.0
L01AB,60.63417,4.0,0.8,3.0
L01AB01,59.56767,5.0,1.0,0.0
L01AB02,60.55635,5.0,1.0,0.0
L01AB03,59.51994,5.0,1.0,0.0
L01AC,49.248474,4.0,0.8,3.0
L01AC01,48.877354,5.0,1.0,0.0
L01AC02,49.210495,5.0,1.0,0.0
L01AC03,48.708763,5.0,1.0,0.0
L01AD,55.252434,4.0,0.8,8.0
L01AD01,54.45499,5.0,1.0,0.0
L01AD02,53.55111,5.0,1.0,0.0
L01AD03,54.12639,5.0,1.0,0.0
L01AD04,55.20589,5.0,1.0,0.0
L01AD05,53.233555,5.0,1.0,0.0
L01AD06,53.57282,5.0,1.0,0.0
L01AD07,55.366253,5.0,1.0,0.0
L01AD08,54.406902,5.0,1.0,0.0
L01AG,58.861908,4.0,0.8,1.0
L01AG01,59.079174,5.0,1.0,0.0
L01AX,56.643703,4.0,0.8,4.0
L01AX01,56.068653,5.0,1.0,0.0
L01AX02,56.43623,5.0,1.0,0.0
L01AX03,56.828476,5.0,1.0,0.0
L01AX04,56.059658,5.0,1.0,0.0
L01B,65.605484,3.0,0.6,26.0
L01BA,53.62471,4.0,0.8,4.0
L01BA01,55.050625,5.0,1.0,0.0
L01BA03,52.385056,5.0,1.0,0.0
L01BA04,52.6481,5.0,1.0,0.0
L01BA05,53.541992,5.0,1.0,0.0
L01BB,62.91149,4.0,0.8,6.0
L01BB02,62.416187,5.0,1.0,0.0
L01BB03,62.61075,5.0,1.0,0.0
L01BB04,60.817547,5.0,1.0,0.0
L01BB05,62.646046,5.0,1.0,0.0
L01BB06,61.818523,5.0,1.0,0.0
L01BB07,62.154102,5.0,1.0,0.0
L01BC,66.89537,4.0,0.8,13.0
L01BC01,65.4224,5.0,1.0,0.0
L01BC02,63.84253,5.0,1.0,0.0
L01BC03,67.433754,5.0,1.0,0.0
L01BC04,68.7191,5.0,1.0,0.0
L01BC05,65.13464,5.0,1.0,0.0
L01BC06,65.455284,5.0,1.0,0.0
L01BC07,66.7627,5.0,1.0,0.0
L01BC08,64.999794,5.0,1.0,0.0
L01BC09,62.894478,5.0,1.0,0.0
L01BC52,67.99313,5.0,1.0,0.0
L01BC53,64.16537,5.0,1.0,0.0
L01BC58,63.22093,5.0,1.0,0.0
L01BC59,64.85054,5.0,1.0,0.0
L01C,52.91115,3.0,0.6,25.0
L01CA,53.487442,4.0,0.8,6.0
L01CA01,53.507168,5.0,1.0,0.0
L01CA02,52.21551,5.0,1.0,0.0
L01CA03,53.449833,5.0,1.0,0.0
L01CA04,52.269894,5.0,1.0,0.0
L01CA05,52.75881,5.0,1.0,0.0
L01CA06,53.20492,5.0,1.0,0.0
L01CB,53.33508,4.0,0.8,2.0
L01CB01,53.24819,5.0,1.0,0.0
L01CB02,53.156525,5.0,1.0,0.0
L01CC,47.364567,4.0,0.8,1.0
L01CC01,47.49311,5.0,1.0,0.0
L01CD,49.44749,4.0,0.8,5.0
L01CD01,48.912064,5.0,1.0,0.0
L01CD02,48.843765,5.0,1.0,0.0
L01CD03,49.17351,5.0,1.0,0.0
L01CD04,48.775433,5.0,1.0,0.0
L01CD51,48.790966,5.0,1.0,0.0
L01CE,52.28167,4.0,0.8,4.0
L01CE01,52.73684,5.0,1.0,0.0
L01CE02,51.563763,5.0,1.0,0.0
L01CE03,51.861584,5.0,1.0,0.0
L01CE04,51.728096,5.0,1.0,0.0
L01CX,46.000935,4.0,0.8,1.0
L01CX01,46.32557,5.0,1.0,0.0
L01D,58.55915,3.0,0.6,20.0
L01DA,55.925037,4.0,0.8,1.0
L01DA01,55.491447,5.0,1.0,0.0
L01DB,58.93451,4.0,0.8,11.0
L01DB01,58.005985,5.0,1.0,0.0
L01DB02,56.94377,5.0,1.0,0.0
L01DB03,59.329323,5.0,1.0,0.0
L01DB04,57.61339,5.0,1.0,0.0
L01DB05,57.162754,5.0,1.0,0.0
L01DB06,57.95231,5.0,1.0,0.0
L01DB07,60.01156,5.0,1.0,0.0
L01DB08,57.457603,5.0,1.0,0.0
L01DB09,59.268433,5.0,1.0,0.0
L01DB10,56.784782,5.0,1.0,0.0
L01DB11,57.29673,5.0,1.0,0.0
L01DC,51.863987,4.0,0.8,5.0
L01DC01,51.321815,5.0,1.0,0.0
L01DC02,51.912125,5.0,1.0,0.0
L01DC03,52.651268,5.0,1.0,0.0
L01DC04,51.312325,5.0,1.0,0.0
L01DC05,50.887455,5.0,1.0,0.0
L01E,48.893986,3.0,0.6,103.0
L01EA,86.646034,4.0,0.8,6.0
L01EA01,87.15628,5.0,1.0,0.0
L01EA02,83.64913,5.0,1.0,0.0
L01EA03,82.404884,5.0,1.0,0.0
L01EA04,84.67976,5.0,1.0,0.0
L01EA05,85.22344,5.0,1.0,0.0
L01EA06,86.54569,5.0,1.0,0.0
L01EB,96.047874,4.0,0.8,11.0
L01EB01,91.63821,5.0,1.0,0.0
L01EB02,89.43765,5.0,1.0,0.0
L01EB03,93.779526,5.0,1.0,0.0
L01EB04,93.11104,5.0,1.0,0.0
L01EB05,94.74734,5.0,1.0,0.0
L01EB06,91.22246,5.0,1.0,0.0
L01EB07,91.045204,5.0,1.0,0.0
L01EB08,92.78698,5.0,1.0,0.0
L01EB09,93.19382,5.0,1.0,0.0
L01EB10,96.59199,5.0,1.0,0.0
L01EB11,92.06277,5.0,1.0,0.0
L01EC,82.20971,4.0,0.8,3.0
L01EC01,80.11704,5.0,1.0,0.0
L01EC02,80.794754,5.0,1.0,0.0
L01EC03,81.70947,5.0,1.0,0.0
L01ED,88.58237,4.0,0.8,5.0
L01ED01,87.02832,5.0,1.0,0.0
L01ED02,86.80915,5.0,1.0,0.0
L01ED03,87.475136,5.0,1.0,0.0
L01ED04,88.48957,5.0,1.0,0.0
L01ED05,88.5132,5.0,1.0,0.0
L01EE,91.48882,4.0,0.8,5.0
L01EE01,89.21235,5.0,1.0,0.0
L01EE02,89.0529,5.0,1.0,0.0
L01EE03,88.96994,5.0,1.0,0.0
L01EE04,89.42464,5.0,1.0,0.0
L01EE05,91.95449,5.0,1.0,0.0
L01EF,77.98076,4.0,0.8,3.0
L01EF01,76.75535,5.0,1.0,0.0
L01EF02,76.65683,5.0,1.0,0.0
L01EF03,77.04207,5.0,1.0,0.0
L01EG,80.312965,4.0,0.8,4.0
L01EG01,78.97217,5.0,1.0,0.0
L01EG02,78.13907,5.0,1.0,0.0
L01EG03,78.63072,5.0,1.0,0.0
L01EG04,78.985115,5.0,1.0,0.0
L01EH,76.58181,4.0,0.8,3.0
L01EH01,75.278305,5.0,1.0,0.0
L01EH02,75.46334,5.0,1.0,0.0
L01EH03,75.18788,5.0,1.0,0.0
L01EJ,80.570885,4.0,0.8,4.0
L01EJ01,81.01586,5.0,1.0,0.0
L01EJ02,78.156006,5.0,1.0,0.0
L01EJ03,78.71374,5.0,1.0,0.0
L01EJ04,79.34936,5.0,1.0,0.0
L01EK,99.3584,4.0,0.8,4.0
L01EK01,96.63397,5.0,1.0,0.0
L01EK02,97.90913,5.0,1.0,0.0
L01EK03,96.61383,5.0,1.0,0.0
L01EK04,96.874664,5.0,1.0,0.0
L01EL,89.04881,4.0,0.8,6.0
L01EL01,87.29864,5.0,1.0,0.0
L01EL02,87.49484,5.0,1.0,0.0
L01EL03,85.690735,5.0,1.0,0.0
L01EL04,86.33117,5.0,1.0,0.0
L01EL05,86.76435,5.0,1.0,0.0
L01EL06,88.8723,5.0,1.0,0.0
L01EM,81.85597,4.0,0.8,5.0
L01EM01,79.764,5.0,1.0,0.0
L01EM02,81.43184,5.0,1.0,0.0
L01EM03,79.28677,5.0,1.0,0.0
L01EM04,82.03497,5.0,1.0,0.0
L01EM05,79.40359,5.0,1.0,0.0
L01EN,86.33969,4.0,0.8,4.0
L01EN01,85.08598,5.0,1.0,0.0
L01EN02,85.41453,5.0,1.0,0.0
L01EN03,84.9163,5.0,1.0,0.0
L01EN04,86.604805,5.0,1.0,0.0
L01EX,81.86904,4.0,0.8,26.0
L01EX01,78.65819,5.0,1.0,0.0
L01EX02,71.70939,5.0,1.0,0.0
L01EX03,76.25173,5.0,1.0,0.0
L01EX04,86.947586,5.0,1.0,0.0
L01EX05,82.26663,5.0,1.0,0.0
L01EX06,79.919136,5.0,1.0,0.0
L01EX07,84.12602,5.0,1.0,0.0
L01EX08,81.989,5.0,1.0,0.0
L01EX09,83.71615,5.0,1.0,0.0
L01EX10,83.26926,5.0,1.0,0.0
L01EX11,78.450195,5.0,1.0,0.0
L01EX12,69.76489,5.0,1.0,0.0
L01EX13,82.362564,5.0,1.0,0.0
L01EX14,76.8594,5.0,1.0,0.0
L01EX15,73.37392,5.0,1.0,0.0
L01EX17,77.62768,5.0,1.0,0.0
L01EX18,60.732697,5.0,1.0,0.0
L01EX19,77.37,5.0,1.0,0.0
L01EX21,79.64187,5.0,1.0,0.0
L01EX22,79.80922,5.0,1.0,0.0
L01EX23,74.01476,5.0,1.0,0.0
L01EX24,77.4973,5.0,1.0,0.0
L01EX25,78.15021,5.0,1.0,0.0
L01EX26,68.551796,5.0,1.0,0.0
L01EX27,78.47394,5.0,1.0,0.0
L01EX28,84.98325,5.0,1.0,0.0
L01F,82.04019,3.0,0.6,79.0
L01FA,89.554504,4.0,0.8,3.0
L01FA01,87.52679,5.0,1.0,0.0
L01FA02,87.872574,5.0,1.0,0.0
L01FA03,89.0788,5.0,1.0,0.0
L01FB,107.32744,4.0,0.8,2.0
L01FB01,105.97332,5.0,1.0,0.0
L01FB02,106.38056,5.0,1.0,0.0
L01FC,77.891335,4.0,0.8,2.0
L01FC01,76.91096,5.0,1.0,0.0
L01FC02,76.51563,5.0,1.0,0.0
L01FD,124.78686,4.0,0.8,7.0
L01FD01,123.33458,5.0,1.0,0.0
L01FD02,123.94865,5.0,1.0,0.0
L01FD03,119.643486,5.0,1.0,0.0
L01FD04,121.36561,5.0,1.0,0.0
L01FD05,122.886284,5.0,1.0,0.0
L01FD06,121.70262,5.0,1.0,0.0
L01FD07,120.999504,5.0,1.0,0.0
L01FE,99.388145,4.0,0.8,3.0
L01FE01,98.38159,5.0,1.0,0.0
L01FE02,98.64514,5.0,1.0,0.0
L01FE03,96.78253,5.0,1.0,0.0
L01FF,106.727,4.0,0.8,13.0
L01FF01,103.27516,5.0,1.0,0.0
L01FF02,104.822395,5.0,1.0,0.0
L01FF03,104.74912,5.0,1.0,0.0
L01FF04,103.13288,5.0,1.0,0.0
L01FF05,100.81933,5.0,1.0,0.0
L01FF06,104.72412,5.0,1.0,0.0
L01FF07,102.425415,5.0,1.0,0.0
L01FF08,102.92406,5.0,1.0,0.0
L01FF09,101.1628,5.0,1.0,0.0
L01FF10,105.34469,5.0,1.0,0.0
L01FF11,106.72712,5.0,1.0,0.0
L01FF12,106.80491,5.0,1.0,0.0
L01FF13,94.81115,5.0,1.0,0.0
L01FG,80.06056,4.0,0.8,2.0
L01FG01,78.37084,5.0,1.0,0.0
L01FG02,78.59363,5.0,1.0,0.0
L01FX,106.14721,4.0,0.8,35.0
L01FX01,96.883415,5.0,1.0,0.0
L01FX02,102.405945,5.0,1.0,0.0
L01FX03,96.6863,5.0,1.0,0.0
L01FX04,111.423454,5.0,1.0,0.0
L01FX05,104.16507,5.0,1.0,0.0
L01FX06,96.82023,5.0,1.0,0.0
L01FX07,97.67359,5.0,1.0,0.0
L01FX08,92.67451,5.0,1.0,0.0
L01FX09,95.198265,5.0,1.0,0.0
L01FX10,99.74683,5.0,1.0,0.0
L01FX11,98.42943,5.0,1.0,0.0
L01FX12,108.12804,5.0,1.0,0.0
L01FX13,106.010124,5.0,1.0,0.0
L01FX14,108.619804,5.0,1.0,0.0
L01FX15,104.84077,5.0,1.0,0.0
L01FX16,102.97363,5.0,1.0,0.0
L01FX17,90.426216,5.0,1.0,0.0
L01FX18,93.792946,5.0,1.0,0.0
L01FX19,98.11981,5.0,1.0,0.0
L01FX20,96.77807,5.0,1.0,0.0
L01FX21,102.42471,5.0,1.0,0.0
L01FX22,93.43906,5.0,1.0,0.0
L01FX23,106.59556,5.0,1.0,0.0
L01FX24,98.51821,5.0,1.0,0.0
L01FX25,104.06235,5.0,1.0,0.0
L01FX26,101.04064,5.0,1.0,0.0
L01FX27,99.26198,5.0,1.0,0.0
L01FX28,111.24918,5.0,1.0,0.0
L01FX29,111.03082,5.0,1.0,0.0
L01FX31,99.025,5.0,1.0,0.0
L01FX32,98.33574,5.0,1.0,0.0
L01FX33,105.73472,5.0,1.0,0.0
L01FX34,104.17083,5.0,1.0,0.0
L01FX35,112.25506,5.0,1.0,0.0
L01FX36,101.81956,5.0,1.0,0.0
L01FY,69.59981,4.0,0.8,3.0
L01FY01,68.88722,5.0,1.0,0.0
L01FY02,69.044266,5.0,1.0,0.0
L01FY03,69.33041,5.0,1.0,0.0
L01X,74.42065,3.0,0.6,107.0
L01XA,108.50413,4.0,0.8,5.0
L01XA01,106.77374,5.0,1.0,0.0
L01XA02,106.95351,5.0,1.0,0.0
L01XA03,104.45103,5.0,1.0,0.0
L01XA04,106.250374,5.0,1.0,0.0
L01XA05,105.79368,5.0,1.0,0.0
L01XB,93.74973,4.0,0.8,1.0
L01XB01,92.31894,5.0,1.0,0.0
L01XD,119.01753,4.0,0.8,6.0
L01XD01,116.98253,5.0,1.0,0.0
L01XD03,117.00295,5.0,1.0,0.0
L01XD04,114.30531,5.0,1.0,0.0
L01XD05,115.11318,5.0,1.0,0.0
L01XD06,117.31055,5.0,1.0,0.0
L01XD07,115.596954,5.0,1.0,0.0
L01XF,92.069954,4.0,0.8,3.0
L01XF01,91.16978,5.0,1.0,0.0
L01XF02,91.36818,5.0,1.0,0.0
L01XF03,90.82735,5.0,1.0,0.0
L01XG,139.02768,4.0,0.8,3.0
L01XG01,134.79959,5.0,1.0,0.0
L01XG02,136.64642,5.0,1.0,0.0
L01XG03,133.18861,5.0,1.0,0.0
L01XH,115.76123,4.0,0.8,7.0
L01XH01,113.095856,5.0,1.0,0.0
L01XH02,110.111755,5.0,1.0,0.0
L01XH03,113.61164,5.0,1.0,0.0
L01XH04,116.69111,5.0,1.0,0.0
L01XH05,115.80821,5.0,1.0,0.0
L01XH06,111.72024,5.0,1.0,0.0
L01XH07,113.422585,5.0,1.0,0.0
L01XJ,119.073975,4.0,0.8,3.0
L01XJ01,117.04433,5.0,1.0,0.0
L01XJ02,116.22896,5.0,1.0,0.0
L01XJ03,116.95332,5.0,1.0,0.0
L01XK,133.64502,4.0,0.8,7.0
L01XK01,128.71251,5.0,1.0,0.0
L01XK02,130.0765,5.0,1.0,0.0
L01XK03,131.63873,5.0,1.0,0.0
L01XK04,129.7808,5.0,1.0,0.0
L01XK05,130.12999,5.0,1.0,0.0
L01XK06,128.03162,5.0,1.0,0.0
L01XK52,128.2612,5.0,1.0,0.0
L01XL,106.11156,4.0,0.8,12.0
L01XL01,100.03182,5.0,1.0,0.0
L01XL02,105.58136,5.0,1.0,0.0
L01XL03,100.18495,5.0,1.0,0.0
L01XL04,104.56605,5.0,1.0,0.0
L01XL05,105.8457,5.0,1.0,0.0
L01XL06,102.0399,5.0,1.0,0.0
L01XL07,98.5603,5.0,1.0,0.0
L01XL08,103.0233,5.0,1.0,0.0
L01XL09,103.240166,5.0,1.0,0.0
L01XL10,105.556885,5.0,1.0,0.0
L01XL11,104.27912,5.0,1.0,0.0
L01XL12,103.64984,5.0,1.0,0.0
L01XM,109.40025,4.0,0.8,4.0
L01XM01,106.53314,5.0,1.0,0.0
L01XM02,106.99135,5.0,1.0,0.0
L01XM03,106.028076,5.0,1.0,0.0
L01XM04,108.56026,5.0,1.0,0.0
L01XU,70.57793,4.0,1.0,0.0
L01XX,112.62287,4.0,0.8,41.0
L01XX01,121.53572,5.0,1.0,0.0
L01XX02,97.53856,5.0,1.0,0.0
L01XX03,114.38886,5.0,1.0,0.0
L01XX05,102.520454,5.0,1.0,0.0
L01XX07,123.66548,5.0,1.0,0.0
L01XX08,119.19977,5.0,1.0,0.0
L01XX10,113.16175,5.0,1.0,0.0
L01XX11,102.3746,5.0,1.0,0.0
L01XX16,106.71094,5.0,1.0,0.0
L01XX18,102.22163,5.0,1.0,0.0
L01XX23,114.30591,5.0,1.0,0.0
L01XX24,111.45107,5.0,1.0,0.0
L01XX27,123.06481,5.0,1.0,0.0
L01XX29,112.8224,5.0,1.0,0.0
L01XX33,125.50484,5.0,1.0,0.0
L01XX35,93.898705,5.0,1.0,0.0
L01XX36,103.52199,5.0,1.0,0.0
L01XX40,119.7974,5.0,1.0,0.0
L01XX41,112.7852,5.0,1.0,0.0
L01XX44,95.66082,5.0,1.0,0.0
L01XX52,112.4399,5.0,1.0,0.0
L01XX53,119.10732,5.0,1.0,0.0
L01XX57,114.31569,5.0,1.0,0.0
L01XX58,88.328064,5.0,1.0,0.0
L01XX66,108.65122,5.0,1.0,0.0
L01XX67,85.49799,5.0,1.0,0.0
L01XX69,117.621506,5.0,1.0,0.0
L01XX72,103.808304,5.0,1.0,0.0
L01XX73,103.80833,5.0,1.0,0.0
L01XX74,106.851074,5.0,1.0,0.0
L01XX75,101.68328,5.0,1.0,0.0
L01XX77,101.16278,5.0,1.0,0.0
L01XX78,106.96642,5.0,1.0,0.0
L01XX79,106.479965,5.0,1.0,0.0
L01XX80,94.24239,5.0,1.0,0.0
L01XX81,109.24227,5.0,1.0,0.0
L01XX82,122.35075,5.0,1.0,0.0
L01XX83,99.24365,5.0,1.0,0.0
L01XX84,120.530334,5.0,1.0,0.0
L01XX85,99.86236,5.0,1.0,0.0
L01XX86,118.06749,5.0,1.0,0.0
L01XY,116.47979,4.0,0.8,2.0
L01XY01,116.6476,5.0,1.0,0.0
L01XY04,115.28483,5.0,1.0,0.0
L02,38.753036,2.0,0.4,44.0
L02A,42.028973,3.0,0.6,17.0
L02AA,41.145615,4.0,0.8,4.0
L02AA01,41.244728,5.0,1.0,0.0
L02AA02,40.974243,5.0,1.0,0.0
L02AA03,40.593616,5.0,1.0,0.0
L02AA04,40.864464,5.0,1.0,0.0
L02AB,39.19806,4.0,0.8,3.0
L02AB01,38.861866,5.0,1.0,0.0
L02AB02,38.96901,5.0,1.0,0.0
L02AB03,39.05888,5.0,1.0,0.0
L02AE,42.316036,4.0,0.8,6.0
L02AE01,41.09372,5.0,1.0,0.0
L02AE02,41.792603,5.0,1.0,0.0
L02AE03,42.23,5.0,1.0,0.0
L02AE04,42.039772,5.0,1.0,0.0
L02AE05,42.753567,5.0,1.0,0.0
L02AE51,41.861145,5.0,1.0,0.0
L02AX,32.767555,4.0,1.0,0.0
L02B,46.164787,3.0,0.6,25.0
L02BA,46.326775,4.0,0.8,4.0
L02BA01,46.400444,5.0,1.0,0.0
L02BA02,45.633263,5.0,1.0,0.0
L02BA03,46.432808,5.0,1.0,0.0
L02BA04,45.929623,5.0,1.0,0.0
L02BB,47.428448,4.0,0.8,6.0
L02BB01,47.40627,5.0,1.0,0.0
L02BB02,46.99574,5.0,1.0,0.0
L02BB03,47.934254,5.0,1.0,0.0
L02BB04,47.009212,5.0,1.0,0.0
L02BB05,46.563725,5.0,1.0,0.0
L02BB06,47.2925,5.0,1.0,0.0
L02BG,43.28153,4.0,0.8,6.0
L02BG01,42.78616,5.0,1.0,0.0
L02BG02,43.26628,5.0,1.0,0.0
L02BG03,43.448257,5.0,1.0,0.0
L02BG04,41.780846,5.0,1.0,0.0
L02BG05,42.365837,5.0,1.0,0.0
L02BG06,43.44975,5.0,1.0,0.0
L02BX,39.067093,4.0,0.8,5.0
L02BX01,38.659203,5.0,1.0,0.0
L02BX02,39.241516,5.0,1.0,0.0
L02BX03,39.534924,5.0,1.0,0.0
L02BX04,37.752644,5.0,1.0,0.0
L02BX53,39.11302,5.0,1.0,0.0
L03,35.42805,2.0,0.4,60.0
L03A,35.49605,3.0,0.6,59.0
L03AA,39.311863,4.0,0.8,12.0
L03AA02,36.96455,5.0,1.0,0.0
L03AA03,40.03653,5.0,1.0,0.0
L03AA09,38.513985,5.0,1.0,0.0
L03AA10,40.491077,5.0,1.0,0.0
L03AA12,39.23582,5.0,1.0,0.0
L03AA13,37.617954,5.0,1.0,0.0
L03AA14,34.099506,5.0,1.0,0.0
L03AA15,37.066483,5.0,1.0,0.0
L03AA16,35.98974,5.0,1.0,0.0
L03AA17,37.47069,5.0,1.0,0.0
L03AA18,39.63376,5.0,1.0,0.0
L03AA19,37.345104,5.0,1.0,0.0
L03AB,40.673294,4.0,0.8,19.0
L03AB01,36.260212,5.0,1.0,0.0
L03AB02,37.674175,5.0,1.0,0.0
L03AB03,42.53818,5.0,1.0,0.0
L03AB04,37.214287,5.0,1.0,0.0
L03AB05,39.936832,5.0,1.0,0.0
L03AB06,41.27469,5.0,1.0,0.0
L03AB07,38.089146,5.0,1.0,0.0
L03AB08,40.23299,5.0,1.0,0.0
L03AB09,40.322327,5.0,1.0,0.0
L03AB10,36.493137,5.0,1.0,0.0
L03AB11,41.175053,5.0,1.0,0.0
L03AB12,39.034393,5.0,1.0,0.0
L03AB13,40.686195,5.0,1.0,0.0
L03AB14,40.730453,5.0,1.0,0.0
L03AB15,40.034267,5.0,1.0,0.0
L03AB16,41.601055,5.0,1.0,0.0
L03AB17,41.564087,5.0,1.0,0.0
L03AB60,41.44324,5.0,1.0,0.0
L03AB61,38.744923,5.0,1.0,0.0
L03AC,36.433773,4.0,0.8,2.0
L03AC01,36.30845,5.0,1.0,0.0
L03AC02,36.272976,5.0,1.0,0.0
L03AX,41.492172,4.0,0.8,22.0
L03AX01,41.460545,5.0,1.0,0.0
L03AX02,38.500885,5.0,1.0,0.0
L03AX03,39.636166,5.0,1.0,0.0
L03AX04,40.77558,5.0,1.0,0.0
L03AX05,40.167984,5.0,1.0,0.0
L03AX07,35.67822,5.0,1.0,0.0
L03AX08,41.6611,5.0,1.0,0.0
L03AX09,41.947823,5.0,1.0,0.0
L03AX10,41.08506,5.0,1.0,0.0
L03AX11,41.316784,5.0,1.0,0.0
L03AX12,36.917084,5.0,1.0,0.0
L03AX13,41.954212,5.0,1.0,0.0
L03AX14,40.31095,5.0,1.0,0.0
L03AX15,37.696068,5.0,1.0,0.0
L03AX16,42.188454,5.0,1.0,0.0
L03AX17,35.756817,5.0,1.0,0.0
L03AX18,43.135105,5.0,1.0,0.0
L03AX19,34.24296,5.0,1.0,0.0
L03AX21,40.85874,5.0,1.0,0.0
L03AX22,41.82157,5.0,1.0,0.0
L03AX23,40.68461,5.0,1.0,0.0
L03AX24,40.61076,5.0,1.0,0.0
L04,34.062122,2.0,0.4,116.0
L04A,34.214626,3.0,0.6,115.0
L04AA,50.189846,4.0,0.8,14.0
L04AA03,45.688183,5.0,1.0,0.0
L04AA04,47.82148,5.0,1.0,0.0
L04AA06,48.263138,5.0,1.0,0.0
L04AA15,49.26106,5.0,1.0,0.0
L04AA19,47.008163,5.0,1.0,0.0
L04AA22,46.21263,5.0,1.0,0.0
L04AA24,48.066803,5.0,1.0,0.0
L04AA28,48.756203,5.0,1.0,0.0
L04AA32,48.494675,5.0,1.0,0.0
L04AA40,44.858585,5.0,1.0,0.0
L04AA41,49.929874,5.0,1.0,0.0
L04AA48,50.369522,5.0,1.0,0.0
L04AA58,45.1261,5.0,1.0,0.0
L04AA60,49.73029,5.0,1.0,0.0
L04AB,63.884403,4.0,0.8,7.0
L04AB01,62.779625,5.0,1.0,0.0
L04AB02,61.1732,5.0,1.0,0.0
L04AB03,62.761658,5.0,1.0,0.0
L04AB04,61.045185,5.0,1.0,0.0
L04AB05,63.01264,5.0,1.0,0.0
L04AB06,62.577374,5.0,1.0,0.0
L04AB07,63.26412,5.0,1.0,0.0
L04AC,48.59351,4.0,0.8,25.0
L04AC01,38.89164,5.0,1.0,0.0
L04AC02,48.148304,5.0,1.0,0.0
L04AC03,46.963184,5.0,1.0,0.0
L04AC04,47.687683,5.0,1.0,0.0
L04AC05,47.88745,5.0,1.0,0.0
L04AC07,44.15539,5.0,1.0,0.0
L04AC08,40.365665,5.0,1.0,0.0
L04AC09,45.895657,5.0,1.0,0.0
L04AC10,48.676434,5.0,1.0,0.0
L04AC11,50.67176,5.0,1.0,0.0
L04AC12,41.641483,5.0,1.0,0.0
L04AC13,53.581837,5.0,1.0,0.0
L04AC14,47.74097,5.0,1.0,0.0
L04AC15,48.752785,5.0,1.0,0.0
L04AC16,48.997032,5.0,1.0,0.0
L04AC17,45.60458,5.0,1.0,0.0
L04AC18,47.549923,5.0,1.0,0.0
L04AC19,47.434254,5.0,1.0,0.0
L04AC20,40.65956,5.0,1.0,0.0
L04AC21,41.210987,5.0,1.0,0.0
L04AC22,52.76198,5.0,1.0,0.0
L04AC23,49.74212,5.0,1.0,0.0
L04AC24,55.532055,5.0,1.0,0.0
L04AC25,40.03381,5.0,1.0,0.0
L04AC26,48.52353,5.0,1.0,0.0
L04AD,62.46471,4.0,0.8,3.0
L04AD01,62.06346,5.0,1.0,0.0
L04AD02,61.502323,5.0,1.0,0.0
L04AD03,61.84802,5.0,1.0,0.0
L04AE,62.863308,4.0,0.8,5.0
L04AE01,62.22555,5.0,1.0,0.0
L04AE02,61.682114,5.0,1.0,0.0
L04AE03,61.758377,5.0,1.0,0.0
L04AE04,61.13659,5.0,1.0,0.0
L04AE05,62.963715,5.0,1.0,0.0
L04AF,67.36997,4.0,0.8,8.0
L04AF01,67.63401,5.0,1.0,0.0
L04AF02,64.974525,5.0,1.0,0.0
L04AF03,64.912704,5.0,1.0,0.0
L04AF04,65.63072,5.0,1.0,0.0
L04AF05,65.63156,5.0,1.0,0.0
L04AF06,66.51357,5.0,1.0,0.0
L04AF07,64.50451,5.0,1.0,0.0
L04AF08,65.60243,5.0,1.0,0.0
L04AG,62.012928,4.0,0.8,17.0
L04AG01,58.913315,5.0,1.0,0.0
L04AG02,57.392483,5.0,1.0,0.0
L04AG03,62.44393,5.0,1.0,0.0
L04AG04,59.296757,5.0,1.0,0.0
L04AG05,58.530064,5.0,1.0,0.0
L04AG06,56.611534,5.0,1.0,0.0
L04AG07,62.386013,5.0,1.0,0.0
L04AG08,51.995777,5.0,1.0,0.0
L04AG09,61.422035,5.0,1.0,0.0
L04AG10,55.04791,5.0,1.0,0.0
L04AG11,61.452663,5.0,1.0,0.0
L04AG12,60.60279,5.0,1.0,0.0
L04AG13,62.926983,5.0,1.0,0.0
L04AG14,59.261097,5.0,1.0,0.0
L04AG15,54.154957,5.0,1.0,0.0
L04AG16,63.42144,5.0,1.0,0.0
L04AG17,62.33743,5.0,1.0,0.0
L04AH,53.719486,4.0,0.8,2.0
L04AH01,53.15402,5.0,1.0,0.0
L04AH02,54.071133,5.0,1.0,0.0
L04AJ,60.059418,4.0,0.8,11.0
L04AJ01,59.538486,5.0,1.0,0.0
L04AJ02,56.382263,5.0,1.0,0.0
L04AJ03,57.144787,5.0,1.0,0.0
L04AJ04,59.193634,5.0,1.0,0.0
L04AJ05,58.327568,5.0,1.0,0.0
L04AJ06,59.105675,5.0,1.0,0.0
L04AJ07,56.967472,5.0,1.0,0.0
L04AJ08,58.36131,5.0,1.0,0.0
L04AJ09,58.377354,5.0,1.0,0.0
L04AJ10,60.801422,5.0,1.0,0.0
L04AJ11,60.59125,5.0,1.0,0.0
L04AK,46.377235,4.0,0.8,2.0
L04AK01,46.194332,5.0,1.0,0.0
L04AK02,46.3878,5.0,1.0,0.0
L04AX,48.838905,4.0,0.8,10.0
L04AX01,48.903675,5.0,1.0,0.0
L04AX02,46.178764,5.0,1.0,0.0
L04AX03,48.324406,5.0,1.0,0.0
L04AX04,48.33772,5.0,1.0,0.0
L04AX05,46.78709,5.0,1.0,0.0
L04AX06,48.59095,5.0,1.0,0.0
L04AX07,47.43123,5.0,1.0,0.0
L04AX08,46.330544,5.0,1.0,0.0
L04AX09,44.63641,5.0,1.0,0.0
L04AX10,45.985016,5.0,1.0,0.0
M,18.201136,1.0,0.2,294.0
M01,60.451435,2.0,0.4,110.0
M01A,70.63759,3.0,0.6,90.0
M01AA,94.954,4.0,0.8,5.0
M01AA01,93.92609,5.0,1.0,0.0
M01AA02,91.79494,5.0,1.0,0.0
M01AA03,92.32165,5.0,1.0,0.0
M01AA05,91.88144,5.0,1.0,0.0
M01AA06,93.31346,5.0,1.0,0.0
M01AB,106.83115,4.0,0.8,19.0
M01AB01,95.83103,5.0,1.0,0.0
M01AB02,87.139435,5.0,1.0,0.0
M01AB03,106.28828,5.0,1.0,0.0
M01AB04,105.40346,5.0,1.0,0.0
M01AB05,102.166046,5.0,1.0,0.0
M01AB06,107.98229,5.0,1.0,0.0
M01AB07,108.86397,5.0,1.0,0.0
M01AB08,106.11505,5.0,1.0,0.0
M01AB09,109.024605,5.0,1.0,0.0
M01AB10,106.466675,5.0,1.0,0.0
M01AB11,91.55041,5.0,1.0,0.0
M01AB12,103.72294,5.0,1.0,0.0
M01AB13,96.50189,5.0,1.0,0.0
M01AB14,100.095245,5.0,1.0,0.0
M01AB15,103.82557,5.0,1.0,0.0
M01AB16,104.769554,5.0,1.0,0.0
M01AB17,100.17184,5.0,1.0,0.0
M01AB51,92.393585,5.0,1.0,0.0
M01AB55,101.6472,5.0,1.0,0.0
M01AC,91.15403,4.0,0.8,6.0
M01AC01,90.5101,5.0,1.0,0.0
M01AC02,88.83032,5.0,1.0,0.0
M01AC04,89.53891,5.0,1.0,0.0
M01AC05,90.85564,5.0,1.0,0.0
M01AC06,87.31985,5.0,1.0,0.0
M01AC56,90.47948,5.0,1.0,0.0
M01AE,81.055214,4.0,0.8,25.0
M01AE01,79.708084,5.0,1.0,0.0
M01AE02,79.64228,5.0,1.0,0.0
M01AE03,86.96191,5.0,1.0,0.0
M01AE04,80.14269,5.0,1.0,0.0
M01AE05,82.91595,5.0,1.0,0.0
M01AE06,77.76502,5.0,1.0,0.0
M01AE07,90.84641,5.0,1.0,0.0
M01AE08,87.74747,5.0,1.0,0.0
M01AE09,77.370605,5.0,1.0,0.0
M01AE10,76.64518,5.0,1.0,0.0
M01AE11,85.51092,5.0,1.0,0.0
M01AE12,81.7632,5.0,1.0,0.0
M01AE13,78.38264,5.0,1.0,0.0
M01AE14,75.161446,5.0,1.0,0.0
M01AE15,75.55357,5.0,1.0,0.0
M01AE16,86.42393,5.0,1.0,0.0
M01AE17,79.85225,5.0,1.0,0.0
M01AE18,73.01814,5.0,1.0,0.0
M01AE19,74.83756,5.0,1.0,0.0
M01AE20,76.83753,5.0,1.0,0.0
M01AE51,79.44126,5.0,1.0,0.0
M01AE52,73.727684,5.0,1.0,0.0
M01AE53,75.63537,5.0,1.0,0.0
M01AE56,79.03644,5.0,1.0,0.0
M01AE57,84.703186,5.0,1.0,0.0
M01AG,59.252617,4.0,0.8,4.0
M01AG01,58.823753,5.0,1.0,0.0
M01AG02,58.839455,5.0,1.0,0.0
M01AG03,58.872196,5.0,1.0,0.0
M01AG04,58.27737,5.0,1.0,0.0
M01AH,76.82079,4.0,0.8,7.0
M01AH01,75.74689,5.0,1.0,0.0
M01AH02,76.34638,5.0,1.0,0.0
M01AH03,73.86052,5.0,1.0,0.0
M01AH04,76.30287,5.0,1.0,0.0
M01AH05,76.59995,5.0,1.0,0.0
M01AH06,74.36993,5.0,1.0,0.0
M01AH07,75.532166,5.0,1.0,0.0
M01AX,110.29864,4.0,0.8,17.0
M01AX01,101.947945,5.0,1.0,0.0
M01AX02,111.43345,5.0,1.0,0.0
M01AX04,108.43466,5.0,1.0,0.0
M01AX05,105.53048,5.0,1.0,0.0
M01AX07,107.4084,5.0,1.0,0.0
M01AX12,103.55698,5.0,1.0,0.0
M01AX13,109.25804,5.0,1.0,0.0
M01AX14,112.21984,5.0,1.0,0.0
M01AX17,105.40487,5.0,1.0,0.0
M01AX18,96.94559,5.0,1.0,0.0
M01AX21,108.92964,5.0,1.0,0.0
M01AX22,110.789345,5.0,1.0,0.0
M01AX23,102.47326,5.0,1.0,0.0
M01AX24,105.55049,5.0,1.0,0.0
M01AX25,88.51189,5.0,1.0,0.0
M01AX26,102.21312,5.0,1.0,0.0
M01AX68,105.7343,5.0,1.0,0.0
M01B,86.30541,3.0,0.6,5.0
M01BA,87.44548,4.0,0.8,3.0
M01BA01,86.45645,5.0,1.0,0.0
M01BA02,85.78186,5.0,1.0,0.0
M01BA03,87.087265,5.0,1.0,0.0
M01BX,80.43482,4.0,1.0,0.0
M01C,73.419205,3.0,0.6,12.0
M01CA,69.11845,4.0,0.8,1.0
M01CA03,68.48611,5.0,1.0,0.0
M01CB,74.54532,4.0,0.8,5.0
M01CB01,73.55869,5.0,1.0,0.0
M01CB02,72.672516,5.0,1.0,0.0
M01CB03,72.83351,5.0,1.0,0.0
M01CB04,72.30348,5.0,1.0,0.0
M01CB05,73.59135,5.0,1.0,0.0
M01CC,70.93639,4.0,0.8,2.0
M01CC01,69.682045,5.0,1.0,0.0
M01CC02,69.97086,5.0,1.0,0.0
M01CX,61.3296,4.0,1.0,0.0
M02,56.376675,2.0,0.4,41.0
M02A,56.604816,3.0,0.6,40.0
M02AA,57.870895,4.0,0.8,29.0
M02AA01,57.151924,5.0,1.0,0.0
M02AA02,57.423164,5.0,1.0,0.0
M02AA03,58.046986,5.0,1.0,0.0
M02AA04,53.994606,5.0,1.0,0.0
M02AA05,59.08859,5.0,1.0,0.0
M02AA06,59.155983,5.0,1.0,0.0
M02AA07,58.216595,5.0,1.0,0.0
M02AA08,58.218,5.0,1.0,0.0
M02AA09,57.332977,5.0,1.0,0.0
M02AA10,56.836456,5.0,1.0,0.0
M02AA11,52.152554,5.0,1.0,0.0
M02AA12,56.868946,5.0,1.0,0.0
M02AA13,58.145054,5.0,1.0,0.0
M02AA14,54.84089,5.0,1.0,0.0
M02AA15,58.36013,5.0,1.0,0.0
M02AA16,59.66,5.0,1.0,0.0
M02AA17,52.87912,5.0,1.0,0.0
M02AA18,61.767693,5.0,1.0,0.0
M02AA19,56.17944,5.0,1.0,0.0
M02AA21,55.54446,5.0,1.0,0.0
M02AA22,54.368336,5.0,1.0,0.0
M02AA23,56.137783,5.0,1.0,0.0
M02AA24,57.91242,5.0,1.0,0.0
M02AA25,56.966785,5.0,1.0,0.0
M02AA26,48.10209,5.0,1.0,0.0
M02AA27,60.91673,5.0,1.0,0.0
M02AA28,56.591297,5.0,1.0,0.0
M02AA29,54.886646,5.0,1.0,0.0
M02AA31,51.54879,5.0,1.0,0.0
M02AB,48.77271,4.0,0.8,2.0
M02AB01,48.97179,5.0,1.0,0.0
M02AB02,48.446278,5.0,1.0,0.0
M02AC,47.0204,4.0,1.0,0.0
M02AX,60.367966,4.0,0.8,5.0
M02AX02,59.64476,5.0,1.0,0.0
M02AX03,58.706364,5.0,1.0,0.0
M02AX05,59.624012,5.0,1.0,0.0
M02AX06,61.75056,5.0,1.0,0.0
M02AX10,59.21032,5.0,1.0,0.0
M03,56.986317,2.0,0.4,60.0
M03A,65.676384,3.0,0.6,20.0
M03AA,66.44272,4.0,0.8,3.0
M03AA01,65.24932,5.0,1.0,0.0
M03AA02,66.23387,5.0,1.0,0.0
M03AA04,65.71141,5.0,1.0,0.0
M03AB,51.949673,4.0,0.8,1.0
M03AB01,51.5457,5.0,1.0,0.0
M03AC,65.29253,4.0,0.8,11.0
M03AC01,63.727688,5.0,1.0,0.0
M03AC02,64.8157,5.0,1.0,0.0
M03AC03,63.364918,5.0,1.0,0.0
M03AC04,65.29586,5.0,1.0,0.0
M03AC05,64.80955,5.0,1.0,0.0
M03AC06,64.65304,5.0,1.0,0.0
M03AC07,65.5601,5.0,1.0,0.0
M03AC08,64.04315,5.0,1.0,0.0
M03AC09,64.526535,5.0,1.0,0.0
M03AC10,65.98804,5.0,1.0,0.0
M03AC11,65.25595,5.0,1.0,0.0
M03AX,62.231056,4.0,0.8,1.0
M03AX01,61.792862,5.0,1.0,0.0
M03B,70.06253,3.0,0.6,35.0
M03BA,73.443306,4.0,0.8,11.0
M03BA01,71.18589,5.0,1.0,0.0
M03BA02,71.64883,5.0,1.0,0.0
M03BA03,75.14582,5.0,1.0,0.0
M03BA04,75.599365,5.0,1.0,0.0
M03BA05,70.941345,5.0,1.0,0.0
M03BA51,72.298294,5.0,1.0,0.0
M03BA52,71.05925,5.0,1.0,0.0
M03BA53,72.61934,5.0,1.0,0.0
M03BA71,71.76588,5.0,1.0,0.0
M03BA72,72.75158,5.0,1.0,0.0
M03BA73,73.18574,5.0,1.0,0.0
M03BB,60.537003,4.0,0.8,6.0
M03BB02,59.549545,5.0,1.0,0.0
M03BB03,61.185234,5.0,1.0,0.0
M03BB52,59.781776,5.0,1.0,0.0
M03BB53,60.501804,5.0,1.0,0.0
M03BB72,58.62986,5.0,1.0,0.0
M03BB73,59.530212,5.0,1.0,0.0
M03BC,57.521423,4.0,0.8,2.0
M03BC01,57.80731,5.0,1.0,0.0
M03BC51,57.189907,5.0,1.0,0.0
M03BX,67.30624,4.0,0.8,12.0
M03BX01,65.54084,5.0,1.0,0.0
M03BX02,67.751045,5.0,1.0,0.0
M03BX03,68.92659,5.0,1.0,0.0
M03BX04,64.943405,5.0,1.0,0.0
M03BX05,69.12964,5.0,1.0,0.0
M03BX06,67.08632,5.0,1.0,0.0
M03BX07,66.31591,5.0,1.0,0.0
M03BX08,62.34995,5.0,1.0,0.0
M03BX09,66.33589,5.0,1.0,0.0
M03BX30,67.75386,5.0,1.0,0.0
M03BX53,67.054855,5.0,1.0,0.0
M03BX55,64.36986,5.0,1.0,0.0
M03C,61.93601,3.0,0.6,2.0
M03CA,62.327732,4.0,0.8,1.0
M03CA01,62.166233,5.0,1.0,0.0
M04,46.620876,2.0,0.4,19.0
M04A,46.731308,3.0,0.6,18.0
M04AA,47.424683,4.0,0.8,4.0
M04AA01,46.934177,5.0,1.0,0.0
M04AA02,46.694454,5.0,1.0,0.0
M04AA03,47.082874,5.0,1.0,0.0
M04AA51,46.856583,5.0,1.0,0.0
M04AB,44.21532,4.0,0.8,5.0
M04AB01,43.53368,5.0,1.0,0.0
M04AB02,43.840225,5.0,1.0,0.0
M04AB03,42.999973,5.0,1.0,0.0
M04AB04,44.968678,5.0,1.0,0.0
M04AB05,44.96177,5.0,1.0,0.0
M04AC,46.313103,4.0,0.8,3.0
M04AC01,45.841663,5.0,1.0,0.0
M04AC02,46.0998,5.0,1.0,0.0
M04AC51,45.71717,5.0,1.0,0.0
M04AX,40.764038,4.0,0.8,2.0
M04AX01,40.718273,5.0,1.0,0.0
M04AX02,40.016468,5.0,1.0,0.0
M05,77.52687,2.0,0.4,33.0
M05B,77.58101,3.0,0.6,32.0
M05BA,69.4725,4.0,0.8,8.0
M05BA01,64.60357,5.0,1.0,0.0
M05BA02,70.14524,5.0,1.0,0.0
M05BA03,69.368256,5.0,1.0,0.0
M05BA04,70.03335,5.0,1.0,0.0
M05BA05,70.863235,5.0,1.0,0.0
M05BA06,69.25883,5.0,1.0,0.0
M05BA07,69.49605,5.0,1.0,0.0
M05BA08,68.581184,5.0,1.0,0.0
M05BB,79.42695,4.0,0.8,9.0
M05BB01,78.6034,5.0,1.0,0.0
M05BB02,78.49038,5.0,1.0,0.0
M05BB03,77.69547,5.0,1.0,0.0
M05BB04,78.80922,5.0,1.0,0.0
M05BB05,78.83174,5.0,1.0,0.0
M05BB06,78.754906,5.0,1.0,0.0
M05BB07,78.122635,5.0,1.0,0.0
M05BB08,77.47078,5.0,1.0,0.0
M05BB09,78.666756,5.0,1.0,0.0
M05BC,68.60012,4.0,0.8,2.0
M05BC01,67.9424,5.0,1.0,0.0
M05BC02,67.92275,5.0,1.0,0.0
M05BX,78.69927,4.0,0.8,9.0
M05BX01,75.65636,5.0,1.0,0.0
M05BX02,78.9495,5.0,1.0,0.0
M05BX03,77.62712,5.0,1.0,0.0
M05BX04,79.00034,5.0,1.0,0.0
M05BX05,80.209595,5.0,1.0,0.0
M05BX06,76.23088,5.0,1.0,0.0
M05BX07,75.7159,5.0,1.0,0.0
M05BX08,76.03362,5.0,1.0,0.0
M05BX53,77.104065,5.0,1.0,0.0
M09,47.767212,2.0,0.4,25.0
M09A,47.650436,3.0,0.6,24.0
M09AA,41.990696,4.0,0.8,2.0
M09AA01,41.892956,5.0,1.0,0.0
M09AA72,41.73991,5.0,1.0,0.0
M09AB,39.9127,4.0,0.8,4.0
M09AB01,39.585804,5.0,1.0,0.0
M09AB02,40.019337,5.0,1.0,0.0
M09AB03,40.396824,5.0,1.0,0.0
M09AB52,39.57809,5.0,1.0,0.0
M09AX,48.406277,4.0,0.8,15.0
M09AX01,47.505753,5.0,1.0,0.0
M09AX02,47.669132,5.0,1.0,0.0
M09AX03,48.49191,5.0,1.0,0.0
M09AX04,48.86343,5.0,1.0,0.0
M09AX05,46.89913,5.0,1.0,0.0
M09AX06,44.665417,5.0,1.0,0.0
M09AX07,47.92901,5.0,1.0,0.0
M09AX08,48.343044,5.0,1.0,0.0
M09AX09,48.617195,5.0,1.0,0.0
M09AX10,47.116493,5.0,1.0,0.0
M09AX11,47.9523,5.0,1.0,0.0
M09AX12,45.70333,5.0,1.0,0.0
M09AX13,48.366714,5.0,1.0,0.0
M09AX14,47.68786,5.0,1.0,0.0
M09AX15,48.209366,5.0,1.0,0.0
N,7.986364,1.0,0.2,779.0
N01,27.450441,2.0,0.4,72.0
N01A,33.74345,3.0,0.6,36.0
N01AA,33.989277,4.0,0.8,2.0
N01AA01,33.703835,5.0,1.0,0.0
N01AA02,33.71438,5.0,1.0,0.0
N01AB,35.743263,4.0,0.8,7.0
N01AB01,34.998543,5.0,1.0,0.0
N01AB02,35.180656,5.0,1.0,0.0
N01AB04,35.111595,5.0,1.0,0.0
N01AB05,35.55103,5.0,1.0,0.0
N01AB06,34.861786,5.0,1.0,0.0
N01AB07,35.63398,5.0,1.0,0.0
N01AB08,35.757114,5.0,1.0,0.0
N01AF,37.194843,4.0,0.8,3.0
N01AF01,37.080997,5.0,1.0,0.0
N01AF02,36.81797,5.0,1.0,0.0
N01AF03,37.55833,5.0,1.0,0.0
N01AG,33.702183,4.0,0.8,1.0
N01AG01,33.558052,5.0,1.0,0.0
N01AH,36.230053,4.0,0.8,7.0
N01AH01,35.54349,5.0,1.0,0.0
N01AH02,35.788277,5.0,1.0,0.0
N01AH03,36.452446,5.0,1.0,0.0
N01AH04,35.619522,5.0,1.0,0.0
N01AH05,36.709602,5.0,1.0,0.0
N01AH06,35.710106,5.0,1.0,0.0
N01AH51,36.143333,5.0,1.0,0.0
N01AX,36.973686,4.0,0.8,10.0
N01AX03,35.720318,5.0,1.0,0.0
N01AX04,36.733128,5.0,1.0,0.0
N01AX05,36.6194,5.0,1.0,0.0
N01AX07,33.709568,5.0,1.0,0.0
N01AX10,34.993942,5.0,1.0,0.0
N01AX11,36.618847,5.0,1.0,0.0
N01AX13,36.40903,5.0,1.0,0.0
N01AX14,36.841885,5.0,1.0,0.0
N01AX15,35.440125,5.0,1.0,0.0
N01AX63,36.777367,5.0,1.0,0.0
N01B,41.247353,3.0,0.6,34.0
N01BA,37.6481,4.0,0.8,7.0
N01BA01,37.089806,5.0,1.0,0.0
N01BA02,36.288612,5.0,1.0,0.0
N01BA03,37.681976,5.0,1.0,0.0
N01BA04,37.73861,5.0,1.0,0.0
N01BA05,37.83648,5.0,1.0,0.0
N01BA52,36.79039,5.0,1.0,0.0
N01BA53,37.693783,5.0,1.0,0.0
N01BB,43.08966,4.0,0.8,18.0
N01BB01,41.666363,5.0,1.0,0.0
N01BB02,42.167706,5.0,1.0,0.0
N01BB03,43.27437,5.0,1.0,0.0
N01BB04,41.52317,5.0,1.0,0.0
N01BB05,42.269657,5.0,1.0,0.0
N01BB06,43.23062,5.0,1.0,0.0
N01BB07,41.098923,5.0,1.0,0.0
N01BB08,43.238125,5.0,1.0,0.0
N01BB09,43.021347,5.0,1.0,0.0
N01BB10,40.651413,5.0,1.0,0.0
N01BB20,40.54952,5.0,1.0,0.0
N01BB51,42.86928,5.0,1.0,0.0
N01BB52,39.051266,5.0,1.0,0.0
N01BB53,40.171192,5.0,1.0,0.0
N01BB54,44.844707,5.0,1.0,0.0
N01BB57,41.62809,5.0,1.0,0.0
N01BB58,42.129513,5.0,1.0,0.0
N01BB59,38.11284,5.0,1.0,0.0
N01BC,35.190353,4.0,0.8,1.0
N01BC01,35.0732,5.0,1.0,0.0
N01BX,37.125374,4.0,0.8,4.0
N01BX01,37.063057,5.0,1.0,0.0
N01BX02,37.201485,5.0,1.0,0.0
N01BX03,36.94221,5.0,1.0,0.0
N01BX04,36.430435,5.0,1.0,0.0
N02,23.301464,2.0,0.4,173.0
N02A,30.49921,3.0,0.6,69.0
N02AA,49.436844,4.0,0.8,15.0
N02AA01,46.88153,5.0,1.0,0.0
N02AA02,48.703423,5.0,1.0,0.0
N02AA03,43.435352,5.0,1.0,0.0
N02AA04,48.741985,5.0,1.0,0.0
N02AA05,47.148853,5.0,1.0,0.0
N02AA08,48.484432,5.0,1.0,0.0
N02AA10,45.80123,5.0,1.0,0.0
N02AA11,48.988853,5.0,1.0,0.0
N02AA51,43.859097,5.0,1.0,0.0
N02AA53,49.232403,5.0,1.0,0.0
N02AA55,48.40871,5.0,1.0,0.0
N02AA56,48.317413,5.0,1.0,0.0
N02AA58,48.826633,5.0,1.0,0.0
N02AA59,48.03567,5.0,1.0,0.0
N02AA79,44.10687,5.0,1.0,0.0
N02AB,44.822697,4.0,0.8,5.0
N02AB01,44.03153,5.0,1.0,0.0
N02AB02,44.44408,5.0,1.0,0.0
N02AB03,45.16423,5.0,1.0,0.0
N02AB52,43.47333,5.0,1.0,0.0
N02AB72,43.673416,5.0,1.0,0.0
N02AC,46.008972,4.0,0.8,7.0
N02AC01,45.756897,5.0,1.0,0.0
N02AC03,45.64041,5.0,1.0,0.0
N02AC04,45.08325,5.0,1.0,0.0
N02AC05,46.029297,5.0,1.0,0.0
N02AC52,44.13012,5.0,1.0,0.0
N02AC54,46.34835,5.0,1.0,0.0
N02AC74,45.61797,5.0,1.0,0.0
N02AD,48.228935,4.0,0.8,3.0
N02AD01,47.263268,5.0,1.0,0.0
N02AD02,48.72337,5.0,1.0,0.0
N02AD51,47.537674,5.0,1.0,0.0
N02AE,42.868214,4.0,0.8,1.0
N02AE01,43.169292,5.0,1.0,0.0
N02AF,46.602,4.0,0.8,2.0
N02AF01,46.475525,5.0,1.0,0.0
N02AF02,46.50131,5.0,1.0,0.0
N02AG,41.91329,4.0,0.8,4.0
N02AG01,41.35285,5.0,1.0,0.0
N02AG02,41.22198,5.0,1.0,0.0
N02AG03,42.581524,5.0,1.0,0.0
N02AG04,41.628498,5.0,1.0,0.0
N02AJ,43.671562,4.0,0.8,16.0
N02AJ01,41.60314,5.0,1.0,0.0
N02AJ02,43.81431,5.0,1.0,0.0
N02AJ03,42.96348,5.0,1.0,0.0
N02AJ06,43.849888,5.0,1.0,0.0
N02AJ07,44.19339,5.0,1.0,0.0
N02AJ08,42.40054,5.0,1.0,0.0
N02AJ09,42.534386,5.0,1.0,0.0
N02AJ13,40.990086,5.0,1.0,0.0
N02AJ14,42.156483,5.0,1.0,0.0
N02AJ15,41.989906,5.0,1.0,0.0
N02AJ16,40.859188,5.0,1.0,0.0
N02AJ17,40.471138,5.0,1.0,0.0
N02AJ18,41.979744,5.0,1.0,0.0
N02AJ19,45.25211,5.0,1.0,0.0
N02AJ22,38.23588,5.0,1.0,0.0
N02AJ23,44.3164,5.0,1.0,0.0
N02AX,44.2691,4.0,0.8,7.0
N02AX01,43.442463,5.0,1.0,0.0
N02AX02,43.71913,5.0,1.0,0.0
N02AX03,43.058407,5.0,1.0,0.0
N02AX05,44.175373,5.0,1.0,0.0
N02AX06,44.111427,5.0,1.0,0.0
N02AX07,42.834915,5.0,1.0,0.0
N02AX51,44.19309,5.0,1.0,0.0
N02B,54.81675,3.0,0.6,66.0
N02BA,67.09969,4.0,0.8,25.0
N02BA01,66.17539,5.0,1.0,0.0
N02BA02,69.77601,5.0,1.0,0.0
N02BA03,58.91601,5.0,1.0,0.0
N02BA04,58.926,5.0,1.0,0.0
N02BA05,68.93751,5.0,1.0,0.0
N02BA06,65.644806,5.0,1.0,0.0
N02BA07,55.723015,5.0,1.0,0.0
N02BA08,61.644485,5.0,1.0,0.0
N02BA09,67.18481,5.0,1.0,0.0
N02BA10,63.13781,5.0,1.0,0.0
N02BA11,67.995125,5.0,1.0,0.0
N02BA12,57.21503,5.0,1.0,0.0
N02BA14,66.06793,5.0,1.0,0.0
N02BA15,64.495285,5.0,1.0,0.0
N02BA16,60.858738,5.0,1.0,0.0
N02BA51,66.55712,5.0,1.0,0.0
N02BA55,65.44928,5.0,1.0,0.0
N02BA57,65.24434,5.0,1.0,0.0
N02BA59,59.778614,5.0,1.0,0.0
N02BA65,69.06953,5.0,1.0,0.0
N02BA67,68.76799,5.0,1.0,0.0
N02BA71,56.050938,5.0,1.0,0.0
N02BA75,68.94043,5.0,1.0,0.0
N02BA77,66.01166,5.0,1.0,0.0
N02BA79,65.56949,5.0,1.0,0.0
N02BB,65.91523,4.0,0.8,13.0
N02BB01,60.644085,5.0,1.0,0.0
N02BB02,63.52341,5.0,1.0,0.0
N02BB03,60.32026,5.0,1.0,0.0
N02BB04,66.53323,5.0,1.0,0.0
N02BB05,65.355675,5.0,1.0,0.0
N02BB51,65.539764,5.0,1.0,0.0
N02BB52,57.711308,5.0,1.0,0.0
N02BB53,67.88255,5.0,1.0,0.0
N02BB54,65.16869,5.0,1.0,0.0
N02BB71,64.08457,5.0,1.0,0.0
N02BB72,62.061966,5.0,1.0,0.0
N02BB73,61.75601,5.0,1.0,0.0
N02BB74,62.41588,5.0,1.0,0.0
N02BE,50.097786,4.0,0.8,10.0
N02BE01,49.38762,5.0,1.0,0.0
N02BE03,49.91665,5.0,1.0,0.0
N02BE04,48.31294,5.0,1.0,0.0
N02BE05,48.25092,5.0,1.0,0.0
N02BE51,49.50037,5.0,1.0,0.0
N02BE53,49.711185,5.0,1.0,0.0
N02BE54,49.851215,5.0,1.0,0.0
N02BE71,50.831047,5.0,1.0,0.0
N02BE73,49.487885,5.0,1.0,0.0
N02BE74,50.240646,5.0,1.0,0.0
N02BF,47.809334,4.0,0.8,3.0
N02BF01,47.271957,5.0,1.0,0.0
N02BF02,47.739708,5.0,1.0,0.0
N02BF03,47.494328,5.0,1.0,0.0
N02BG,62.675507,4.0,0.8,10.0
N02BG02,60.29486,5.0,1.0,0.0
N02BG03,60.685894,5.0,1.0,0.0
N02BG04,61.872517,5.0,1.0,0.0
N02BG05,61.45086,5.0,1.0,0.0
N02BG06,62.28292,5.0,1.0,0.0
N02BG07,60.58639,5.0,1.0,0.0
N02BG08,62.738373,5.0,1.0,0.0
N02BG09,63.750843,5.0,1.0,0.0
N02BG10,60.537018,5.0,1.0,0.0
N02BG12,58.64092,5.0,1.0,0.0
N02C,54.00773,3.0,0.6,35.0
N02CA,55.3453,4.0,0.8,7.0
N02CA01,55.452354,5.0,1.0,0.0
N02CA02,53.114216,5.0,1.0,0.0
N02CA04,52.945812,5.0,1.0,0.0
N02CA07,55.075478,5.0,1.0,0.0
N02CA51,53.45452,5.0,1.0,0.0
N02CA52,55.686546,5.0,1.0,0.0
N02CA72,54.93671,5.0,1.0,0.0
N02CB,46.884315,4.0,0.8,1.0
N02CB01,46.46977,5.0,1.0,0.0
N02CC,56.407036,4.0,0.8,9.0
N02CC01,53.26137,5.0,1.0,0.0
N02CC02,55.364384,5.0,1.0,0.0
N02CC03,56.316734,5.0,1.0,0.0
N02CC04,56.373333,5.0,1.0,0.0
N02CC05,54.30564,5.0,1.0,0.0
N02CC06,56.26384,5.0,1.0,0.0
N02CC07,55.16126,5.0,1.0,0.0
N02CC08,54.155178,5.0,1.0,0.0
N02CC51,52.506565,5.0,1.0,0.0
N02CD,56.022194,4.0,0.8,8.0
N02CD01,55.89483,5.0,1.0,0.0
N02CD02,56.21031,5.0,1.0,0.0
N02CD03,55.419704,5.0,1.0,0.0
N02CD04,55.575478,5.0,1.0,0.0
N02CD05,54.423668,5.0,1.0,0.0
N02CD06,53.65272,5.0,1.0,0.0
N02CD07,54.277092,5.0,1.0,0.0
N02CD08,56.2444,5.0,1.0,0.0
N02CX,51.617558,4.0,0.8,5.0
N02CX01,50.785152,5.0,1.0,0.0
N02CX02,50.80587,5.0,1.0,0.0
N02CX03,51.162853,5.0,1.0,0.0
N02CX05,51.378513,5.0,1.0,0.0
N02CX06,51.181553,5.0,1.0,0.0
N03,42.01073,2.0,0.4,58.0
N03A,41.783775,3.0,0.6,57.0
N03AA,46.02855,4.0,0.8,5.0
N03AA01,45.57414,5.0,1.0,0.0
N03AA02,45.3019,5.0,1.0,0.0
N03AA03,46.3059,5.0,1.0,0.0
N03AA04,45.440983,5.0,1.0,0.0
N03AA30,46.052265,5.0,1.0,0.0
N03AB,51.427715,4.0,0.8,7.0
N03AB01,50.37089,5.0,1.0,0.0
N03AB02,51.289257,5.0,1.0,0.0
N03AB03,50.848904,5.0,1.0,0.0
N03AB04,50.057774,5.0,1.0,0.0
N03AB05,51.898273,5.0,1.0,0.0
N03AB52,47.97918,5.0,1.0,0.0
N03AB54,52.10608,5.0,1.0,0.0
N03AC,44.550938,4.0,0.8,3.0
N03AC01,44.078033,5.0,1.0,0.0
N03AC02,44.327255,5.0,1.0,0.0
N03AC03,44.268326,5.0,1.0,0.0
N03AD,48.265263,4.0,0.8,4.0
N03AD01,47.68907,5.0,1.0,0.0
N03AD02,47.26468,5.0,1.0,0.0
N03AD03,47.541935,5.0,1.0,0.0
N03AD51,48.773495,5.0,1.0,0.0
N03AE,31.587065,4.0,0.8,1.0
N03AE01,31.661976,5.0,1.0,0.0
N03AF,40.450596,4.0,0.8,4.0
N03AF01,40.291428,5.0,1.0,0.0
N03AF02,40.31436,5.0,1.0,0.0
N03AF03,40.308228,5.0,1.0,0.0
N03AF04,39.87002,5.0,1.0,0.0
N03AG,50.405052,4.0,0.8,6.0
N03AG01,48.30043,5.0,1.0,0.0
N03AG02,50.8602,5.0,1.0,0.0
N03AG03,49.918682,5.0,1.0,0.0
N03AG04,49.856747,5.0,1.0,0.0
N03AG05,49.99008,5.0,1.0,0.0
N03AG06,49.72426,5.0,1.0,0.0
N03AX,44.67097,4.0,0.8,19.0
N03AX03,44.436783,5.0,1.0,0.0
N03AX07,43.904743,5.0,1.0,0.0
N03AX09,46.331112,5.0,1.0,0.0
N03AX10,46.198326,5.0,1.0,0.0
N03AX11,44.642536,5.0,1.0,0.0
N03AX13,44.56472,5.0,1.0,0.0
N03AX14,43.30436,5.0,1.0,0.0
N03AX15,42.502956,5.0,1.0,0.0
N03AX17,45.41661,5.0,1.0,0.0
N03AX18,42.126034,5.0,1.0,0.0
N03AX19,43.546944,5.0,1.0,0.0
N03AX21,44.47613,5.0,1.0,0.0
N03AX22,43.050545,5.0,1.0,0.0
N03AX23,43.759277,5.0,1.0,0.0
N03AX24,44.262638,5.0,1.0,0.0
N03AX25,44.513073,5.0,1.0,0.0
N03AX26,43.370583,5.0,1.0,0.0
N03AX27,42.438744,5.0,1.0,0.0
N03AX30,46.134846,5.0,1.0,0.0
N04,33.921223,2.0,0.4,51.0
N04A,42.13651,3.0,0.6,17.0
N04AA,42.380093,4.0,0.8,10.0
N04AA01,43.040745,5.0,1.0,0.0
N04AA02,42.585594,5.0,1.0,0.0
N04AA03,39.687195,5.0,1.0,0.0
N04AA04,41.028515,5.0,1.0,0.0
N04AA05,41.69694,5.0,1.0,0.0
N04AA08,41.178226,5.0,1.0,0.0
N04AA09,42.311546,5.0,1.0,0.0
N04AA10,42.531242,5.0,1.0,0.0
N04AA11,42.44365,5.0,1.0,0.0
N04AA12,41.916584,5.0,1.0,0.0
N04AB,37.240692,4.0,0.8,2.0
N04AB01,37.150005,5.0,1.0,0.0
N04AB02,37.569122,5.0,1.0,0.0
N04AC,37.127644,4.0,0.8,2.0
N04AC01,36.75773,5.0,1.0,0.0
N04AC30,37.022194,5.0,1.0,0.0
N04B,41.401546,3.0,0.6,29.0
N04BA,39.15319,4.0,0.8,7.0
N04BA01,38.11889,5.0,1.0,0.0
N04BA02,38.756454,5.0,1.0,0.0
N04BA03,38.783493,5.0,1.0,0.0
N04BA04,38.89461,5.0,1.0,0.0
N04BA05,38.900753,5.0,1.0,0.0
N04BA06,38.770695,5.0,1.0,0.0
N04BA07,40.03492,5.0,1.0,0.0
N04BB,34.322166,4.0,0.8,1.0
N04BB01,34.580776,5.0,1.0,0.0
N04BC,42.700607,4.0,0.8,9.0
N04BC01,41.781967,5.0,1.0,0.0
N04BC02,41.94904,5.0,1.0,0.0
N04BC03,42.689,5.0,1.0,0.0
N04BC04,42.264587,5.0,1.0,0.0
N04BC05,42.47093,5.0,1.0,0.0
N04BC06,41.99285,5.0,1.0,0.0
N04BC07,42.220005,5.0,1.0,0.0
N04BC08,43.134327,5.0,1.0,0.0
N04BC09,42.158978,5.0,1.0,0.0
N04BD,38.843826,4.0,0.8,3.0
N04BD01,38.539852,5.0,1.0,0.0
N04BD02,39.110626,5.0,1.0,0.0
N04BD03,38.763477,5.0,1.0,0.0
N04BX,37.927315,4.0,0.8,4.0
N04BX01,37.70218,5.0,1.0,0.0
N04BX02,37.654144,5.0,1.0,0.0
N04BX03,37.43569,5.0,1.0,0.0
N04BX04,36.99345,5.0,1.0,0.0
N04C,42.151,3.0,0.6,2.0
N04CX,42.02923,4.0,0.8,1.0
N04CX01,42.000156,5.0,1.0,0.0
N05,32.060234,2.0,0.4,213.0
N05A,52.564083,3.0,0.6,80.0
N05AA,76.85701,4.0,0.8,7.0
N05AA01,75.65401,5.0,1.0,0.0
N05AA02,75.09406,5.0,1.0,0.0
N05AA03,74.867256,5.0,1.0,0.0
N05AA04,74.4073,5.0,1.0,0.0
N05AA05,75.02769,5.0,1.0,0.0
N05AA06,75.84224,5.0,1.0,0.0
N05AA07,77.4604,5.0,1.0,0.0
N05AB,81.447044,4.0,0.8,10.0
N05AB01,76.72283,5.0,1.0,0.0
N05AB02,80.36889,5.0,1.0,0.0
N05AB03,81.399055,5.0,1.0,0.0
N05AB04,77.68332,5.0,1.0,0.0
N05AB05,79.65483,5.0,1.0,0.0
N05AB06,80.55402,5.0,1.0,0.0
N05AB07,79.47973,5.0,1.0,0.0
N05AB08,80.45454,5.0,1.0,0.0
N05AB09,81.025795,5.0,1.0,0.0
N05AB10,75.358406,5.0,1.0,0.0
N05AC,78.18232,4.0,0.8,4.0
N05AC01,76.95025,5.0,1.0,0.0
N05AC02,75.94328,5.0,1.0,0.0
N05AC03,75.67054,5.0,1.0,0.0
N05AC04,77.5111,5.0,1.0,0.0
N05AD,85.16866,4.0,0.8,10.0
N05AD01,83.152336,5.0,1.0,0.0
N05AD02,79.30596,5.0,1.0,0.0
N05AD03,83.41449,5.0,1.0,0.0
N05AD04,82.80953,5.0,1.0,0.0
N05AD05,83.34924,5.0,1.0,0.0
N05AD06,84.079056,5.0,1.0,0.0
N05AD07,85.927826,5.0,1.0,0.0
N05AD08,80.763626,5.0,1.0,0.0
N05AD09,83.49007,5.0,1.0,0.0
N05AD10,82.67286,5.0,1.0,0.0
N05AE,80.555084,4.0,0.8,5.0
N05AE01,78.59753,5.0,1.0,0.0
N05AE02,79.12037,5.0,1.0,0.0
N05AE03,78.24193,5.0,1.0,0.0
N05AE04,80.550964,5.0,1.0,0.0
N05AE05,80.27402,5.0,1.0,0.0
N05AF,74.460945,4.0,0.8,5.0
N05AF01,72.33725,5.0,1.0,0.0
N05AF02,73.58346,5.0,1.0,0.0
N05AF03,74.7988,5.0,1.0,0.0
N05AF04,73.395584,5.0,1.0,0.0
N05AF05,73.42424,5.0,1.0,0.0
N05AG,74.23661,4.0,0.8,3.0
N05AG01,73.94279,5.0,1.0,0.0
N05AG02,73.3456,5.0,1.0,0.0
N05AG03,73.555275,5.0,1.0,0.0
N05AH,69.85625,4.0,0.8,7.0
N05AH01,68.17796,5.0,1.0,0.0
N05AH02,70.08417,5.0,1.0,0.0
N05AH03,69.310715,5.0,1.0,0.0
N05AH04,67.15453,5.0,1.0,0.0
N05AH05,69.99321,5.0,1.0,0.0
N05AH06,68.524025,5.0,1.0,0.0
N05AH53,68.85413,5.0,1.0,0.0
N05AL,77.35686,4.0,0.8,7.0
N05AL01,75.75906,5.0,1.0,0.0
N05AL02,78.22285,5.0,1.0,0.0
N05AL03,77.30764,5.0,1.0,0.0
N05AL04,76.28217,5.0,1.0,0.0
N05AL05,76.71006,5.0,1.0,0.0
N05AL06,76.401535,5.0,1.0,0.0
N05AL07,74.31826,5.0,1.0,0.0
N05AN,68.832794,4.0,0.8,1.0
N05AN01,68.460464,5.0,1.0,0.0
N05AX,72.978065,4.0,0.8,10.0
N05AX07,73.682106,5.0,1.0,0.0
N05AX08,70.799706,5.0,1.0,0.0
N05AX10,68.11171,5.0,1.0,0.0
N05AX11,73.08323,5.0,1.0,0.0
N05AX12,72.63809,5.0,1.0,0.0
N05AX13,71.44058,5.0,1.0,0.0
N05AX14,69.16627,5.0,1.0,0.0
N05AX15,71.98396,5.0,1.0,0.0
N05AX16,72.52343,5.0,1.0,0.0
N05AX17,72.93411,5.0,1.0,0.0
N05B,63.708187,3.0,0.6,45.0
N05BA,67.66456,4.0,0.8,25.0
N05BA01,66.07939,5.0,1.0,0.0
N05BA02,66.56692,5.0,1.0,0.0
N05BA03,68.23502,5.0,1.0,0.0
N05BA04,70.92554,5.0,1.0,0.0
N05BA05,66.413185,5.0,1.0,0.0
N05BA06,65.92048,5.0,1.0,0.0
N05BA07,64.5354,5.0,1.0,0.0
N05BA08,64.4577,5.0,1.0,0.0
N05BA09,60.059048,5.0,1.0,0.0
N05BA10,65.72574,5.0,1.0,0.0
N05BA11,66.53906,5.0,1.0,0.0
N05BA12,65.438736,5.0,1.0,0.0
N05BA13,71.49002,5.0,1.0,0.0
N05BA14,56.694206,5.0,1.0,0.0
N05BA15,64.98276,5.0,1.0,0.0
N05BA16,66.19395,5.0,1.0,0.0
N05BA17,62.05806,5.0,1.0,0.0
N05BA18,62.135693,5.0,1.0,0.0
N05BA19,66.46584,5.0,1.0,0.0
N05BA21,59.22277,5.0,1.0,0.0
N05BA22,67.01351,5.0,1.0,0.0
N05BA23,67.654434,5.0,1.0,0.0
N05BA24,64.31038,5.0,1.0,0.0
N05BA25,65.89753,5.0,1.0,0.0
N05BA56,65.95353,5.0,1.0,0.0
N05BB,63.365852,4.0,0.8,3.0
N05BB01,62.93813,5.0,1.0,0.0
N05BB02,62.317368,5.0,1.0,0.0
N05BB51,63.201,5.0,1.0,0.0
N05BC,74.15426,4.0,0.8,4.0
N05BC01,73.65264,5.0,1.0,0.0
N05BC03,72.34558,5.0,1.0,0.0
N05BC04,72.35007,5.0,1.0,0.0
N05BC51,72.555664,5.0,1.0,0.0
N05BD,56.725258,4.0,0.8,1.0
N05BD01,56.63708,5.0,1.0,0.0
N05BE,70.063324,4.0,0.8,1.0
N05BE01,69.815056,5.0,1.0,0.0
N05BX,63.135868,4.0,0.8,5.0
N05BX01,62.36821,5.0,1.0,0.0
N05BX02,62.60329,5.0,1.0,0.0
N05BX03,62.392044,5.0,1.0,0.0
N05BX04,62.095226,5.0,1.0,0.0
N05BX05,62.268616,5.0,1.0,0.0
N05C,77.94785,3.0,0.6,85.0
N05CA,101.45622,4.0,0.8,18.0
N05CA01,100.26,5.0,1.0,0.0
N05CA02,104.69721,5.0,1.0,0.0
N05CA03,100.09889,5.0,1.0,0.0
N05CA04,101.15849,5.0,1.0,0.0
N05CA05,87.05758,5.0,1.0,0.0
N05CA06,103.25799,5.0,1.0,0.0
N05CA07,99.518486,5.0,1.0,0.0
N05CA08,96.61441,5.0,1.0,0.0
N05CA09,90.398895,5.0,1.0,0.0
N05CA10,103.215706,5.0,1.0,0.0
N05CA11,101.882126,5.0,1.0,0.0
N05CA12,95.25833,5.0,1.0,0.0
N05CA15,94.85511,5.0,1.0,0.0
N05CA16,93.88852,5.0,1.0,0.0
N05CA19,94.21451,5.0,1.0,0.0
N05CA20,102.01079,5.0,1.0,0.0
N05CA21,100.944824,5.0,1.0,0.0
N05CA22,101.572495,5.0,1.0,0.0
N05CB,95.966515,4.0,0.8,2.0
N05CB01,94.47189,5.0,1.0,0.0
N05CB02,95.153,5.0,1.0,0.0
N05CC,57.794697,4.0,0.8,5.0
N05CC01,57.406532,5.0,1.0,0.0
N05CC02,57.969456,5.0,1.0,0.0
N05CC03,58.536114,5.0,1.0,0.0
N05CC04,56.53521,5.0,1.0,0.0
N05CC05,58.302147,5.0,1.0,0.0
N05CD,78.40757,4.0,0.8,15.0
N05CD01,79.3514,5.0,1.0,0.0
N05CD02,76.691055,5.0,1.0,0.0
N05CD03,75.30503,5.0,1.0,0.0
N05CD04,76.1065,5.0,1.0,0.0
N05CD05,75.19686,5.0,1.0,0.0
N05CD06,75.6147,5.0,1.0,0.0
N05CD07,76.70036,5.0,1.0,0.0
N05CD08,78.38854,5.0,1.0,0.0
N05CD09,74.43949,5.0,1.0,0.0
N05CD10,73.33139,5.0,1.0,0.0
N05CD11,76.75353,5.0,1.0,0.0
N05CD12,71.91332,5.0,1.0,0.0
N05CD13,80.32715,5.0,1.0,0.0
N05CD14,73.248924,5.0,1.0,0.0
N05CD15,76.45465,5.0,1.0,0.0
N05CE,99.05664,4.0,0.8,3.0
N05CE01,98.33726,5.0,1.0,0.0
N05CE02,97.99131,5.0,1.0,0.0
N05CE03,97.338005,5.0,1.0,0.0
N05CF,93.63363,4.0,0.8,4.0
N05CF01,92.09056,5.0,1.0,0.0
N05CF02,92.340034,5.0,1.0,0.0
N05CF03,90.95647,5.0,1.0,0.0
N05CF04,90.51996,5.0,1.0,0.0
N05CH,98.62526,4.0,0.8,3.0
N05CH01,97.90914,5.0,1.0,0.0
N05CH02,95.58511,5.0,1.0,0.0
N05CH03,96.71798,5.0,1.0,0.0
N05CJ,95.05872,4.0,0.8,3.0
N05CJ01,92.84406,5.0,1.0,0.0
N05CJ02,93.37313,5.0,1.0,0.0
N05CJ03,93.1246,5.0,1.0,0.0
N05CM,109.6691,4.0,0.8,16.0
N05CM01,107.71917,5.0,1.0,0.0
N05CM02,109.16105,5.0,1.0,0.0
N05CM03,109.58183,5.0,1.0,0.0
N05CM04,107.002426,5.0,1.0,0.0
N05CM05,108.73468,5.0,1.0,0.0
N05CM06,99.75468,5.0,1.0,0.0
N05CM07,93.87727,5.0,1.0,0.0
N05CM08,102.8128,5.0,1.0,0.0
N05CM09,108.91542,5.0,1.0,0.0
N05CM10,105.47645,5.0,1.0,0.0
N05CM11,96.29532,5.0,1.0,0.0
N05CM12,104.306694,5.0,1.0,0.0
N05CM13,111.00231,5.0,1.0,0.0
N05CM15,103.11732,5.0,1.0,0.0
N05CM16,108.0422,5.0,1.0,0.0
N05CM18,110.093216,5.0,1.0,0.0
N05CX,127.39832,4.0,0.8,6.0
N05CX01,123.85724,5.0,1.0,0.0
N05CX02,122.86784,5.0,1.0,0.0
N05CX03,125.839455,5.0,1.0,0.0
N05CX04,122.39446,5.0,1.0,0.0
N05CX05,122.24619,5.0,1.0,0.0
N05CX06,123.45789,5.0,1.0,0.0
N06,31.466337,2.0,0.4,137.0
N06A,53.971977,3.0,0.6,73.0
N06AA,54.151363,4.0,0.8,21.0
N06AA01,52.470905,5.0,1.0,0.0
N06AA02,45.475468,5.0,1.0,0.0
N06AA03,43.25216,5.0,1.0,0.0
N06AA04,49.848198,5.0,1.0,0.0
N06AA05,50.63483,5.0,1.0,0.0
N06AA06,54.136543,5.0,1.0,0.0
N06AA07,54.384125,5.0,1.0,0.0
N06AA08,50.872696,5.0,1.0,0.0
N06AA09,54.15217,5.0,1.0,0.0
N06AA10,56.09109,5.0,1.0,0.0
N06AA11,46.001522,5.0,1.0,0.0
N06AA12,54.34076,5.0,1.0,0.0
N06AA13,54.32559,5.0,1.0,0.0
N06AA14,54.82608,5.0,1.0,0.0
N06AA15,49.5758,5.0,1.0,0.0
N06AA16,53.53517,5.0,1.0,0.0
N06AA17,50.33535,5.0,1.0,0.0
N06AA18,54.218136,5.0,1.0,0.0
N06AA19,55.457863,5.0,1.0,0.0
N06AA21,54.84325,5.0,1.0,0.0
N06AA23,53.168903,5.0,1.0,0.0
N06AB,67.01716,4.0,0.8,9.0
N06AB02,65.71873,5.0,1.0,0.0
N06AB03,67.947525,5.0,1.0,0.0
N06AB04,65.74472,5.0,1.0,0.0
N06AB05,64.942986,5.0,1.0,0.0
N06AB06,66.69609,5.0,1.0,0.0
N06AB07,67.69788,5.0,1.0,0.0
N06AB08,63.683167,5.0,1.0,0.0
N06AB09,65.60059,5.0,1.0,0.0
N06AB10,62.81137,5.0,1.0,0.0
N06AF,64.07267,4.0,0.8,6.0
N06AF01,62.926464,5.0,1.0,0.0
N06AF02,62.84793,5.0,1.0,0.0
N06AF03,61.211666,5.0,1.0,0.0
N06AF04,64.409874,5.0,1.0,0.0
N06AF05,64.76448,5.0,1.0,0.0
N06AF06,63.068054,5.0,1.0,0.0
N06AG,62.131527,4.0,0.8,2.0
N06AG02,61.52657,5.0,1.0,0.0
N06AG03,61.037212,5.0,1.0,0.0
N06AX,69.09347,4.0,0.8,30.0
N06AX01,65.72024,5.0,1.0,0.0
N06AX02,67.08343,5.0,1.0,0.0
N06AX03,67.627464,5.0,1.0,0.0
N06AX04,58.410538,5.0,1.0,0.0
N06AX05,66.15894,5.0,1.0,0.0
N06AX06,56.909775,5.0,1.0,0.0
N06AX07,69.09219,5.0,1.0,0.0
N06AX08,61.720505,5.0,1.0,0.0
N06AX09,69.36359,5.0,1.0,0.0
N06AX10,68.818214,5.0,1.0,0.0
N06AX11,70.09041,5.0,1.0,0.0
N06AX12,61.04435,5.0,1.0,0.0
N06AX13,62.430656,5.0,1.0,0.0
N06AX14,70.8274,5.0,1.0,0.0
N06AX15,68.6427,5.0,1.0,0.0
N06AX16,68.64193,5.0,1.0,0.0
N06AX17,58.249615,5.0,1.0,0.0
N06AX18,64.82552,5.0,1.0,0.0
N06AX19,69.743965,5.0,1.0,0.0
N06AX21,59.338196,5.0,1.0,0.0
N06AX22,68.30827,5.0,1.0,0.0
N06AX23,56.66885,5.0,1.0,0.0
N06AX24,64.741844,5.0,1.0,0.0
N06AX25,68.92561,5.0,1.0,0.0
N06AX26,71.828674,5.0,1.0,0.0
N06AX27,70.19265,5.0,1.0,0.0
N06AX28,64.86924,5.0,1.0,0.0
N06AX29,60.276382,5.0,1.0,0.0
N06AX31,69.7511,5.0,1.0,0.0
N06AX62,61.81603,5.0,1.0,0.0
N06B,45.278458,3.0,0.6,40.0
N06BA,46.51586,4.0,0.8,15.0
N06BA01,44.10345,5.0,1.0,0.0
N06BA02,47.782726,5.0,1.0,0.0
N06BA03,45.309258,5.0,1.0,0.0
N06BA04,42.22515,5.0,1.0,0.0
N06BA05,42.047215,5.0,1.0,0.0
N06BA06,43.454773,5.0,1.0,0.0
N06BA07,45.024193,5.0,1.0,0.0
N06BA08,45.54814,5.0,1.0,0.0
N06BA09,43.95181,5.0,1.0,0.0
N06BA10,45.966248,5.0,1.0,0.0
N06BA11,45.9938,5.0,1.0,0.0
N06BA12,43.323025,5.0,1.0,0.0
N06BA13,45.437687,5.0,1.0,0.0
N06BA14,44.552025,5.0,1.0,0.0
N06BA15,47.490646,5.0,1.0,0.0
N06BC,43.561466,4.0,0.8,2.0
N06BC01,43.21534,5.0,1.0,0.0
N06BC02,43.42737,5.0,1.0,0.0
N06BX,49.775555,4.0,0.8,20.0
N06BX01,47.627396,5.0,1.0,0.0
N06BX02,48.980972,5.0,1.0,0.0
N06BX03,45.451904,5.0,1.0,0.0
N06BX04,44.976883,5.0,1.0,0.0
N06BX05,47.331482,5.0,1.0,0.0
N06BX06,44.29971,5.0,1.0,0.0
N06BX07,49.32335,5.0,1.0,0.0
N06BX08,47.035072,5.0,1.0,0.0
N06BX09,49.758205,5.0,1.0,0.0
N06BX10,48.692554,5.0,1.0,0.0
N06BX11,47.85595,5.0,1.0,0.0
N06BX12,48.601387,5.0,1.0,0.0
N06BX13,46.177166,5.0,1.0,0.0
N06BX14,48.689064,5.0,1.0,0.0
N06BX15,50.018936,5.0,1.0,0.0
N06BX16,46.076683,5.0,1.0,0.0
N06BX17,46.36017,5.0,1.0,0.0
N06BX18,48.549934,5.0,1.0,0.0
N06BX21,49.73393,5.0,1.0,0.0
N06BX22,49.857624,5.0,1.0,0.0
N06C,68.75843,3.0,0.6,5.0
N06CA,69.77208,4.0,0.8,3.0
N06CA01,68.89503,5.0,1.0,0.0
N06CA02,69.28062,5.0,1.0,0.0
N06CA03,68.72736,5.0,1.0,0.0
N06CB,63.754986,4.0,1.0,0.0
N06D,67.836685,3.0,0.6,15.0
N06DA,66.036446,4.0,0.8,7.0
N06DA01,65.040085,5.0,1.0,0.0
N06DA02,65.60361,5.0,1.0,0.0
N06DA03,65.727104,5.0,1.0,0.0
N06DA04,65.88407,5.0,1.0,0.0
N06DA05,63.103565,5.0,1.0,0.0
N06DA52,66.4764,5.0,1.0,0.0
N06DA53,65.70541,5.0,1.0,0.0
N06DX,66.285706,4.0,0.8,6.0
N06DX01,66.145096,5.0,1.0,0.0
N06DX02,65.60629,5.0,1.0,0.0
N06DX03,62.89538,5.0,1.0,0.0
N06DX04,65.06229,5.0,1.0,0.0
N06DX05,66.80197,5.0,1.0,0.0
N06DX30,65.02496,5.0,1.0,0.0
N07,33.485443,2.0,0.4,68.0
N07A,46.814396,3.0,0.6,13.0
N07AA,47.10077,4.0,0.8,5.0
N07AA01,46.310978,5.0,1.0,0.0
N07AA02,46.733437,5.0,1.0,0.0
N07AA03,46.82422,5.0,1.0,0.0
N07AA30,46.76978,5.0,1.0,0.0
N07AA51,46.698517,5.0,1.0,0.0
N07AB,43.773357,4.0,0.8,2.0
N07AB01,43.21418,5.0,1.0,0.0
N07AB02,43.486187,5.0,1.0,0.0
N07AX,44.67639,4.0,0.8,3.0
N07AX01,44.157562,5.0,1.0,0.0
N07AX02,44.006966,5.0,1.0,0.0
N07AX03,44.927757,5.0,1.0,0.0
N07B,53.763382,3.0,0.6,19.0
N07BA,42.78171,4.0,0.8,3.0
N07BA01,42.170067,5.0,1.0,0.0
N07BA03,42.390594,5.0,1.0,0.0
N07BA04,43.60072,5.0,1.0,0.0
N07BB,53.56487,4.0,0.8,6.0
N07BB01,53.26427,5.0,1.0,0.0
N07BB02,52.763706,5.0,1.0,0.0
N07BB03,53.70301,5.0,1.0,0.0
N07BB04,53.315605,5.0,1.0,0.0
N07BB05,52.310863,5.0,1.0,0.0
N07BB06,53.439667,5.0,1.0,0.0
N07BC,54.32405,4.0,0.8,7.0
N07BC01,53.638306,5.0,1.0,0.0
N07BC02,49.88471,5.0,1.0,0.0
N07BC03,54.706303,5.0,1.0,0.0
N07BC04,53.8591,5.0,1.0,0.0
N07BC05,53.464134,5.0,1.0,0.0
N07BC06,54.037437,5.0,1.0,0.0
N07BC51,53.550724,5.0,1.0,0.0
N07C,52.819046,3.0,0.6,6.0
N07CA,52.623383,4.0,0.8,5.0
N07CA01,51.812683,5.0,1.0,0.0
N07CA02,52.37461,5.0,1.0,0.0
N07CA03,52.289925,5.0,1.0,0.0
N07CA04,52.67945,5.0,1.0,0.0
N07CA52,52.493973,5.0,1.0,0.0
N07X,50.012367,3.0,0.6,26.0
N07XA,40.110584,4.0,1.0,0.0
N07XX,50.315193,4.0,0.8,24.0
N07XX01,49.858673,5.0,1.0,0.0
N07XX02,48.29317,5.0,1.0,0.0
N07XX03,47.146152,5.0,1.0,0.0
N07XX04,50.749596,5.0,1.0,0.0
N07XX05,51.214745,5.0,1.0,0.0
N07XX06,49.703957,5.0,1.0,0.0
N07XX07,46.817497,5.0,1.0,0.0
N07XX08,49.9218,5.0,1.0,0.0
N07XX10,43.73309,5.0,1.0,0.0
N07XX11,46.618523,5.0,1.0,0.0
N07XX12,50.1354,5.0,1.0,0.0
N07XX13,50.924145,5.0,1.0,0.0
N07XX14,40.928276,5.0,1.0,0.0
N07XX15,49.3675,5.0,1.0,0.0
N07XX16,50.948864,5.0,1.0,0.0
N07XX17,44.836697,5.0,1.0,0.0
N07XX18,48.443665,5.0,1.0,0.0
N07XX19,49.934002,5.0,1.0,0.0
N07XX21,48.78035,5.0,1.0,0.0
N07XX22,50.888905,5.0,1.0,0.0
N07XX23,45.485172,5.0,1.0,0.0
N07XX24,42.290916,5.0,1.0,0.0
N07XX25,46.075016,5.0,1.0,0.0
N07XX59,48.896107,5.0,1.0,0.0
P,29.958082,1.0,0.2,183.0
P01,65.56525,2.0,0.4,97.0
P01A,118.54645,3.0,0.6,41.0
P01AA,114.62409,4.0,0.8,6.0
P01AA01,115.40918,5.0,1.0,0.0
P01AA02,112.47386,5.0,1.0,0.0
P01AA04,111.9676,5.0,1.0,0.0
P01AA05,111.90395,5.0,1.0,0.0
P01AA30,112.436874,5.0,1.0,0.0
P01AA52,111.37839,5.0,1.0,0.0
P01AB,132.13568,4.0,0.8,11.0
P01AB01,128.14177,5.0,1.0,0.0
P01AB02,128.56828,5.0,1.0,0.0
P01AB03,125.43052,5.0,1.0,0.0
P01AB04,125.01715,5.0,1.0,0.0
P01AB05,128.82985,5.0,1.0,0.0
P01AB06,128.35364,5.0,1.0,0.0
P01AB07,131.94206,5.0,1.0,0.0
P01AB08,127.6186,5.0,1.0,0.0
P01AB51,127.33582,5.0,1.0,0.0
P01AB52,131.58377,5.0,1.0,0.0
P01AB53,131.58745,5.0,1.0,0.0
P01AC,82.906715,4.0,0.8,4.0
P01AC01,81.95269,5.0,1.0,0.0
P01AC02,84.693726,5.0,1.0,0.0
P01AC03,81.46521,5.0,1.0,0.0
P01AC04,83.31108,5.0,1.0,0.0
P01AR,76.309456,4.0,0.8,4.0
P01AR01,76.559326,5.0,1.0,0.0
P01AR02,77.8734,5.0,1.0,0.0
P01AR03,75.38227,5.0,1.0,0.0
P01AR53,74.958084,5.0,1.0,0.0
P01AX,130.77669,4.0,0.8,11.0
P01AX01,124.362625,5.0,1.0,0.0
P01AX02,126.83169,5.0,1.0,0.0
P01AX04,127.56544,5.0,1.0,0.0
P01AX05,126.832664,5.0,1.0,0.0
P01AX06,130.62782,5.0,1.0,0.0
P01AX07,125.66553,5.0,1.0,0.0
P01AX08,126.57241,5.0,1.0,0.0
P01AX09,130.09071,5.0,1.0,0.0
P01AX10,128.53464,5.0,1.0,0.0
P01AX11,127.710724,5.0,1.0,0.0
P01AX52,128.02365,5.0,1.0,0.0
P01B,69.72116,3.0,0.6,36.0
P01BA,66.46654,4.0,0.8,5.0
P01BA01,67.14027,5.0,1.0,0.0
P01BA02,65.90938,5.0,1.0,0.0
P01BA03,66.525734,5.0,1.0,0.0
P01BA06,65.54013,5.0,1.0,0.0
P01BA07,65.02779,5.0,1.0,0.0
P01BB,76.54794,4.0,0.8,4.0
P01BB01,75.11751,5.0,1.0,0.0
P01BB02,75.87066,5.0,1.0,0.0
P01BB51,75.70814,5.0,1.0,0.0
P01BB52,75.87758,5.0,1.0,0.0
P01BC,50.740288,4.0,0.8,2.0
P01BC01,50.794086,5.0,1.0,0.0
P01BC02,50.574177,5.0,1.0,0.0
P01BD,59.84916,4.0,0.8,2.0
P01BD01,59.711998,5.0,1.0,0.0
P01BD51,59.57522,5.0,1.0,0.0
P01BE,70.4938,4.0,0.8,5.0
P01BE01,69.21764,5.0,1.0,0.0
P01BE02,69.070656,5.0,1.0,0.0
P01BE03,69.681656,5.0,1.0,0.0
P01BE04,69.02534,5.0,1.0,0.0
P01BE05,69.34577,5.0,1.0,0.0
P01BF,85.31917,4.0,0.8,9.0
P01BF01,85.39998,5.0,1.0,0.0
P01BF02,85.888214,5.0,1.0,0.0
P01BF03,82.92457,5.0,1.0,0.0
P01BF04,83.84574,5.0,1.0,0.0
P01BF05,85.29809,5.0,1.0,0.0
P01BF06,83.44047,5.0,1.0,0.0
P01BF07,83.28592,5.0,1.0,0.0
P01BF08,83.24104,5.0,1.0,0.0
P01BF09,81.43212,5.0,1.0,0.0
P01BX,44.275383,4.0,0.8,2.0
P01BX01,44.027252,5.0,1.0,0.0
P01BX02,44.591377,5.0,1.0,0.0
P01C,92.90388,3.0,0.6,17.0
P01CA,81.209015,4.0,0.8,2.0
P01CA02,79.71982,5.0,1.0,0.0
P01CA03,80.650856,5.0,1.0,0.0
P01CB,86.71425,4.0,0.8,2.0
P01CB01,85.18443,5.0,1.0,0.0
P01CB02,84.30216,5.0,1.0,0.0
P01CC,87.177025,4.0,0.8,2.0
P01CC01,85.32333,5.0,1.0,0.0
P01CC02,86.81393,5.0,1.0,0.0
P01CD,86.838295,4.0,0.8,2.0
P01CD01,88.725525,5.0,1.0,0.0
P01CD02,85.36519,5.0,1.0,0.0
P01CX,96.71598,4.0,0.8,4.0
P01CX01,95.13992,5.0,1.0,0.0
P01CX02,94.905815,5.0,1.0,0.0
P01CX03,93.96157,5.0,1.0,0.0
P01CX04,94.49173,5.0,1.0,0.0
P02,56.97213,2.0,0.4,41.0
P02B,63.55337,3.0,0.6,11.0
P02BA,62.995113,4.0,0.8,3.0
P02BA01,63.014454,5.0,1.0,0.0
P02BA02,62.36114,5.0,1.0,0.0
P02BA03,61.512684,5.0,1.0,0.0
P02BB,60.663113,4.0,0.8,1.0
P02BB01,60.26557,5.0,1.0,0.0
P02BX,63.320694,4.0,0.8,4.0
P02BX01,61.887253,5.0,1.0,0.0
P02BX02,62.586052,5.0,1.0,0.0
P02BX03,63.59923,5.0,1.0,0.0
P02BX04,62.758015,5.0,1.0,0.0
P02C,62.100975,3.0,0.6,22.0
P02CA,63.589046,4.0,0.8,7.0
P02CA01,62.88268,5.0,1.0,0.0
P02CA02,62.200123,5.0,1.0,0.0
P02CA03,64.26459,5.0,1.0,0.0
P02CA04,63.390694,5.0,1.0,0.0
P02CA05,61.110252,5.0,1.0,0.0
P02CA06,63.964855,5.0,1.0,0.0
P02CA51,62.511303,5.0,1.0,0.0
P02CB,61.56591,4.0,0.8,2.0
P02CB01,61.26901,5.0,1.0,0.0
P02CB02,61.473316,5.0,1.0,0.0
P02CC,59.389393,4.0,0.8,2.0
P02CC01,59.223812,5.0,1.0,0.0
P02CC02,59.275333,5.0,1.0,0.0
P02CE,49.878227,4.0,0.8,1.0
P02CE01,49.700134,5.0,1.0,0.0
P02CF,58.602722,4.0,0.8,1.0
P02CF01,58.717693,5.0,1.0,0.0
P02CX,59.30506,4.0,0.8,3.0
P02CX01,59.54486,5.0,1.0,0.0
P02CX02,59.139282,5.0,1.0,0.0
P02CX03,58.459747,5.0,1.0,0.0
P02D,53.49574,3.0,0.6,5.0
P02DA,53.123535,4.0,0.8,1.0
P02DA01,52.783367,5.0,1.0,0.0
P02DX,53.643166,4.0,0.8,2.0
P02DX01,53.40388,5.0,1.0,0.0
P02DX02,53.18135,5.0,1.0,0.0
P03,65.491646,2.0,0.4,42.0
P03A,73.42572,3.0,0.6,28.0
P03AA,64.07565,4.0,0.8,6.0
P03AA01,62.78993,5.0,1.0,0.0
P03AA02,64.513596,5.0,1.0,0.0
P03AA03,62.174477,5.0,1.0,0.0
P03AA04,63.775402,5.0,1.0,0.0
P03AA05,65.54016,5.0,1.0,0.0
P03AA54,62.689667,5.0,1.0,0.0
P03AB,65.01075,4.0,0.8,3.0
P03AB01,65.622696,5.0,1.0,0.0
P03AB02,65.99446,5.0,1.0,0.0
P03AB51,64.61714,5.0,1.0,0.0
P03AC,74.11259,4.0,0.8,8.0
P03AC01,75.27523,5.0,1.0,0.0
P03AC02,75.28345,5.0,1.0,0.0
P03AC03,74.24514,5.0,1.0,0.0
P03AC04,70.83578,5.0,1.0,0.0
P03AC51,74.218346,5.0,1.0,0.0
P03AC52,72.41829,5.0,1.0,0.0
P03AC53,72.90241,5.0,1.0,0.0
P03AC54,74.420456,5.0,1.0,0.0
P03AX,78.112686,4.0,0.8,7.0
P03AX01,77.15015,5.0,1.0,0.0
P03AX02,74.59068,5.0,1.0,0.0
P03AX03,78.4569,5.0,1.0,0.0
P03AX04,76.673225,5.0,1.0,0.0
P03AX05,77.47654,5.0,1.0,0.0
P03AX06,77.5002,5.0,1.0,0.0
P03AX07,77.04193,5.0,1.0,0.0
P03B,64.23207,3.0,0.6,12.0
P03BA,60.452656,4.0,0.8,4.0
P03BA01,60.597694,5.0,1.0,0.0
P03BA02,59.6538,5.0,1.0,0.0
P03BA03,60.83141,5.0,1.0,0.0
P03BA04,59.666317,5.0,1.0,0.0
P03BX,64.7709,4.0,0.8,6.0
P03BX01,63.698605,5.0,1.0,0.0
P03BX02,64.72312,5.0,1.0,0.0
P03BX03,63.966465,5.0,1.0,0.0
P03BX04,63.46882,5.0,1.0,0.0
P03BX05,63.669876,5.0,1.0,0.0
P03BX06,64.26641,5.0,1.0,0.0
R,10.482892,1.0,0.2,462.0
R01,35.66157,2.0,0.4,72.0
R01A,38.64669,3.0,0.6,63.0
R01AA,48.372314,4.0,0.8,14.0
R01AA02,48.603962,5.0,1.0,0.0
R01AA03,45.21632,5.0,1.0,0.0
R01AA04,48.567734,5.0,1.0,0.0
R01AA05,49.1415,5.0,1.0,0.0
R01AA06,48.30234,5.0,1.0,0.0
R01AA07,43.885654,5.0,1.0,0.0
R01AA08,42.19723,5.0,1.0,0.0
R01AA09,47.31117,5.0,1.0,0.0
R01AA10,49.513676,5.0,1.0,0.0
R01AA11,42.716835,5.0,1.0,0.0
R01AA12,47.325687,5.0,1.0,0.0
R01AA13,47.65038,5.0,1.0,0.0
R01AA14,46.948757,5.0,1.0,0.0
R01AA15,48.06637,5.0,1.0,0.0
R01AB,47.56237,4.0,0.8,7.0
R01AB01,47.23614,5.0,1.0,0.0
R01AB02,45.93888,5.0,1.0,0.0
R01AB03,48.238094,5.0,1.0,0.0
R01AB05,46.769978,5.0,1.0,0.0
R01AB06,46.009945,5.0,1.0,0.0
R01AB07,45.34647,5.0,1.0,0.0
R01AB08,48.063328,5.0,1.0,0.0
R01AC,46.158157,4.0,0.8,9.0
R01AC01,45.09149,5.0,1.0,0.0
R01AC02,46.284992,5.0,1.0,0.0
R01AC03,45.240902,5.0,1.0,0.0
R01AC04,45.958546,5.0,1.0,0.0
R01AC05,46.24636,5.0,1.0,0.0
R01AC06,44.999264,5.0,1.0,0.0
R01AC07,42.486088,5.0,1.0,0.0
R01AC08,45.861572,5.0,1.0,0.0
R01AC51,44.76528,5.0,1.0,0.0
R01AD,45.913284,4.0,0.8,18.0
R01AD01,46.264927,5.0,1.0,0.0
R01AD02,45.95999,5.0,1.0,0.0
R01AD03,44.51453,5.0,1.0,0.0
R01AD04,45.28516,5.0,1.0,0.0
R01AD05,46.506737,5.0,1.0,0.0
R01AD06,44.486553,5.0,1.0,0.0
R01AD07,40.62237,5.0,1.0,0.0
R01AD08,41.187973,5.0,1.0,0.0
R01AD09,39.73763,5.0,1.0,0.0
R01AD11,43.08758,5.0,1.0,0.0
R01AD12,45.788002,5.0,1.0,0.0
R01AD13,44.4739,5.0,1.0,0.0
R01AD52,46.29794,5.0,1.0,0.0
R01AD53,45.517956,5.0,1.0,0.0
R01AD57,45.322506,5.0,1.0,0.0
R01AD58,45.699726,5.0,1.0,0.0
R01AD59,44.425323,5.0,1.0,0.0
R01AD60,42.830814,5.0,1.0,0.0
R01AX,40.502445,4.0,0.8,10.0
R01AX01,39.2279,5.0,1.0,0.0
R01AX02,39.366688,5.0,1.0,0.0
R01AX03,40.54834,5.0,1.0,0.0
R01AX05,39.43775,5.0,1.0,0.0
R01AX06,38.214314,5.0,1.0,0.0
R01AX07,40.45861,5.0,1.0,0.0
R01AX08,39.726204,5.0,1.0,0.0
R01AX09,40.952633,5.0,1.0,0.0
R01AX10,39.049995,5.0,1.0,0.0
R01AX30,40.32089,5.0,1.0,0.0
R01B,53.587353,3.0,0.6,7.0
R01BA,53.395092,4.0,0.8,6.0
R01BA01,53.130634,5.0,1.0,0.0
R01BA02,52.371395,5.0,1.0,0.0
R01BA03,52.601887,5.0,1.0,0.0
R01BA51,52.688026,5.0,1.0,0.0
R01BA52,52.150135,5.0,1.0,0.0
R01BA53,53.36678,5.0,1.0,0.0
R02,40.109158,2.0,0.4,36.0
R02A,40.10734,3.0,0.6,35.0
R02AA,41.314587,4.0,0.8,18.0
R02AA01,40.813885,5.0,1.0,0.0
R02AA02,40.593742,5.0,1.0,0.0
R02AA03,38.978683,5.0,1.0,0.0
R02AA05,39.949593,5.0,1.0,0.0
R02AA06,40.723633,5.0,1.0,0.0
R02AA09,40.580723,5.0,1.0,0.0
R02AA10,40.202736,5.0,1.0,0.0
R02AA11,40.42515,5.0,1.0,0.0
R02AA12,39.909885,5.0,1.0,0.0
R02AA13,39.019485,5.0,1.0,0.0
R02AA14,41.49882,5.0,1.0,0.0
R02AA15,41.794937,5.0,1.0,0.0
R02AA16,41.86541,5.0,1.0,0.0
R02AA17,39.00961,5.0,1.0,0.0
R02AA18,40.748413,5.0,1.0,0.0
R02AA19,42.89652,5.0,1.0,0.0
R02AA20,40.13923,5.0,1.0,0.0
R02AA21,37.779034,5.0,1.0,0.0
R02AB,41.65489,4.0,0.8,5.0
R02AB01,41.89957,5.0,1.0,0.0
R02AB02,40.538006,5.0,1.0,0.0
R02AB03,40.566425,5.0,1.0,0.0
R02AB04,41.401043,5.0,1.0,0.0
R02AB30,41.342365,5.0,1.0,0.0
R02AD,38.123005,4.0,0.8,5.0
R02AD01,38.091583,5.0,1.0,0.0
R02AD02,38.306965,5.0,1.0,0.0
R02AD03,37.194744,5.0,1.0,0.0
R02AD04,38.02162,5.0,1.0,0.0
R02AD05,37.264908,5.0,1.0,0.0
R02AX,36.747765,4.0,0.8,3.0
R02AX01,36.729015,5.0,1.0,0.0
R02AX02,36.31055,5.0,1.0,0.0
R02AX03,36.88113,5.0,1.0,0.0
R03,37.08784,2.0,0.4,151.0
R03A,88.34447,3.0,0.6,53.0
R03AA,80.80446,4.0,0.8,1.0
R03AA01,82.07188,5.0,1.0,0.0
R03AB,57.862984,4.0,0.8,2.0
R03AB02,57.4418,5.0,1.0,0.0
R03AB03,57.27036,5.0,1.0,0.0
R03AC,85.96,4.0,0.8,18.0
R03AC02,85.0841,5.0,1.0,0.0
R03AC03,86.461136,5.0,1.0,0.0
R03AC04,87.77664,5.0,1.0,0.0
R03AC05,81.58435,5.0,1.0,0.0
R03AC06,77.4326,5.0,1.0,0.0
R03AC07,87.59536,5.0,1.0,0.0
R03AC08,82.34946,5.0,1.0,0.0
R03AC09,85.77627,5.0,1.0,0.0
R03AC10,81.02543,5.0,1.0,0.0
R03AC11,83.78064,5.0,1.0,0.0
R03AC12,82.45333,5.0,1.0,0.0
R03AC13,71.07227,5.0,1.0,0.0
R03AC14,81.56717,5.0,1.0,0.0
R03AC15,85.48754,5.0,1.0,0.0
R03AC16,81.41968,5.0,1.0,0.0
R03AC17,75.83138,5.0,1.0,0.0
R03AC18,82.09298,5.0,1.0,0.0
R03AC19,81.28316,5.0,1.0,0.0
R03AH,76.023674,4.0,1.0,0.0
R03AK,103.14767,4.0,0.8,14.0
R03AK01,96.21072,5.0,1.0,0.0
R03AK02,100.65367,5.0,1.0,0.0
R03AK04,102.031746,5.0,1.0,0.0
R03AK05,104.32208,5.0,1.0,0.0
R03AK06,100.88193,5.0,1.0,0.0
R03AK07,97.11017,5.0,1.0,0.0
R03AK08,96.66005,5.0,1.0,0.0
R03AK09,96.5545,5.0,1.0,0.0
R03AK10,100.842575,5.0,1.0,0.0
R03AK11,107.339645,5.0,1.0,0.0
R03AK12,100.391594,5.0,1.0,0.0
R03AK13,104.607994,5.0,1.0,0.0
R03AK14,99.66984,5.0,1.0,0.0
R03AK15,100.58838,5.0,1.0,0.0
R03AL,97.629845,4.0,0.8,12.0
R03AL01,94.944435,5.0,1.0,0.0
R03AL02,93.6443,5.0,1.0,0.0
R03AL03,93.93873,5.0,1.0,0.0
R03AL04,88.688446,5.0,1.0,0.0
R03AL05,101.030014,5.0,1.0,0.0
R03AL06,95.8789,5.0,1.0,0.0
R03AL07,96.215744,5.0,1.0,0.0
R03AL08,96.692184,5.0,1.0,0.0
R03AL09,95.81023,5.0,1.0,0.0
R03AL10,95.38811,5.0,1.0,0.0
R03AL11,97.421005,5.0,1.0,0.0
R03AL12,91.56355,5.0,1.0,0.0
R03B,72.02503,3.0,0.6,25.0
R03BA,72.62132,4.0,0.8,9.0
R03BA01,70.936874,5.0,1.0,0.0
R03BA02,71.60919,5.0,1.0,0.0
R03BA03,71.918,5.0,1.0,0.0
R03BA04,70.446976,5.0,1.0,0.0
R03BA05,70.495094,5.0,1.0,0.0
R03BA06,72.07264,5.0,1.0,0.0
R03BA07,66.49831,5.0,1.0,0.0
R03BA08,71.77156,5.0,1.0,0.0
R03BA09,72.50615,5.0,1.0,0.0
R03BB,73.47464,4.0,0.8,9.0
R03BB01,71.89777,5.0,1.0,0.0
R03BB02,73.452194,5.0,1.0,0.0
R03BB03,71.82877,5.0,1.0,0.0
R03BB04,72.782555,5.0,1.0,0.0
R03BB05,73.82452,5.0,1.0,0.0
R03BB06,68.4126,5.0,1.0,0.0
R03BB07,72.54997,5.0,1.0,0.0
R03BB08,71.15003,5.0,1.0,0.0
R03BB54,72.65596,5.0,1.0,0.0
R03BC,56.358624,4.0,0.8,2.0
R03BC01,56.746586,5.0,1.0,0.0
R03BC03,55.71935,5.0,1.0,0.0
R03BX,70.021255,4.0,0.8,1.0
R03BX01,69.90964,5.0,1.0,0.0
R03C,69.078255,3.0,0.6,26.0
R03CA,58.952026,4.0,0.8,1.0
R03CA02,58.61554,5.0,1.0,0.0
R03CB,61.832592,4.0,0.8,5.0
R03CB01,61.09024,5.0,1.0,0.0
R03CB02,61.779465,5.0,1.0,0.0
R03CB03,60.8925,5.0,1.0,0.0
R03CB51,60.860523,5.0,1.0,0.0
R03CB53,62.103794,5.0,1.0,0.0
R03CC,70.17128,4.0,0.8,16.0
R03CC02,69.828896,5.0,1.0,0.0
R03CC03,71.328606,5.0,1.0,0.0
R03CC04,68.01106,5.0,1.0,0.0
R03CC05,66.915184,5.0,1.0,0.0
R03CC06,68.1107,5.0,1.0,0.0
R03CC07,70.77513,5.0,1.0,0.0
R03CC08,70.42622,5.0,1.0,0.0
R03CC09,65.24174,5.0,1.0,0.0
R03CC10,68.714874,5.0,1.0,0.0
R03CC11,71.10572,5.0,1.0,0.0
R03CC12,67.63158,5.0,1.0,0.0
R03CC13,67.7686,5.0,1.0,0.0
R03CC14,68.68061,5.0,1.0,0.0
R03CC15,69.97121,5.0,1.0,0.0
R03CC53,64.667755,5.0,1.0,0.0
R03CC63,68.688255,5.0,1.0,0.0
R03CK,60.727936,4.0,1.0,0.0
R03D,78.15922,3.0,0.6,43.0
R03DA,84.88173,4.0,0.8,18.0
R03DA01,84.78522,5.0,1.0,0.0
R03DA02,77.59538,5.0,1.0,0.0
R03DA03,82.007675,5.0,1.0,0.0
R03DA04,84.30202,5.0,1.0,0.0
R03DA05,82.58931,5.0,1.0,0.0
R03DA06,80.29212,5.0,1.0,0.0
R03DA07,82.47446,5.0,1.0,0.0
R03DA08,77.496445,5.0,1.0,0.0
R03DA09,82.89776,5.0,1.0,0.0
R03DA10,86.35802,5.0,1.0,0.0
R03DA11,81.90156,5.0,1.0,0.0
R03DA12,77.89618,5.0,1.0,0.0
R03DA20,84.30782,5.0,1.0,0.0
R03DA51,80.09307,5.0,1.0,0.0
R03DA54,81.86501,5.0,1.0,0.0
R03DA55,83.928505,5.0,1.0,0.0
R03DA57,87.37269,5.0,1.0,0.0
R03DA74,80.21125,5.0,1.0,0.0
R03DB,65.9559,4.0,0.8,6.0
R03DB01,66.18746,5.0,1.0,0.0
R03DB02,64.112076,5.0,1.0,0.0
R03DB03,64.78702,5.0,1.0,0.0
R03DB04,65.37035,5.0,1.0,0.0
R03DB05,65.03021,5.0,1.0,0.0
R03DB06,65.11071,5.0,1.0,0.0
R03DC,92.71571,4.0,0.8,5.0
R03DC01,91.367,5.0,1.0,0.0
R03DC02,91.27082,5.0,1.0,0.0
R03DC03,90.88803,5.0,1.0,0.0
R03DC04,91.73348,5.0,1.0,0.0
R03DC53,90.78803,5.0,1.0,0.0
R03DX,85.98399,4.0,0.8,10.0
R03DX01,83.95767,5.0,1.0,0.0
R03DX02,82.59383,5.0,1.0,0.0
R03DX03,81.64601,5.0,1.0,0.0
R03DX05,81.56573,5.0,1.0,0.0
R03DX06,85.04679,5.0,1.0,0.0
R03DX07,80.93624,5.0,1.0,0.0
R03DX08,88.31085,5.0,1.0,0.0
R03DX09,85.19549,5.0,1.0,0.0
R03DX10,85.25653,5.0,1.0,0.0
R03DX11,83.615814,5.0,1.0,0.0
R05,37.14707,2.0,0.4,81.0
R05C,50.481064,3.0,0.6,30.0
R05CA,47.640747,4.0,0.8,13.0
R05CA01,46.7823,5.0,1.0,0.0
R05CA02,47.332813,5.0,1.0,0.0
R05CA03,46.681343,5.0,1.0,0.0
R05CA04,44.54611,5.0,1.0,0.0
R05CA05,44.64246,5.0,1.0,0.0
R05CA06,47.558784,5.0,1.0,0.0
R05CA07,49.81338,5.0,1.0,0.0
R05CA08,46.287174,5.0,1.0,0.0
R05CA09,41.53175,5.0,1.0,0.0
R05CA10,46.950066,5.0,1.0,0.0
R05CA11,45.684036,5.0,1.0,0.0
R05CA12,47.5512,5.0,1.0,0.0
R05CA13,46.57298,5.0,1.0,0.0
R05CB,53.46516,4.0,0.8,15.0
R05CB01,51.63587,5.0,1.0,0.0
R05CB02,51.481926,5.0,1.0,0.0
R05CB03,52.1527,5.0,1.0,0.0
R05CB04,50.67527,5.0,1.0,0.0
R05CB05,50.30739,5.0,1.0,0.0
R05CB06,53.352673,5.0,1.0,0.0
R05CB07,53.80078,5.0,1.0,0.0
R05CB08,50.004993,5.0,1.0,0.0
R05CB09,51.454746,5.0,1.0,0.0
R05CB10,53.187843,5.0,1.0,0.0
R05CB11,53.215363,5.0,1.0,0.0
R05CB13,54.60502,5.0,1.0,0.0
R05CB14,51.507084,5.0,1.0,0.0
R05CB15,50.28849,5.0,1.0,0.0
R05CB16,50.83555,5.0,1.0,0.0
R05D,56.981056,3.0,0.6,41.0
R05DA,56.74392,4.0,0.8,12.0
R05DA01,56.294765,5.0,1.0,0.0
R05DA03,55.48261,5.0,1.0,0.0
R05DA04,55.588722,5.0,1.0,0.0
R05DA05,57.132713,5.0,1.0,0.0
R05DA06,53.862045,5.0,1.0,0.0
R05DA07,58.114487,5.0,1.0,0.0
R05DA08,55.168774,5.0,1.0,0.0
R05DA09,48.583134,5.0,1.0,0.0
R05DA10,57.30116,5.0,1.0,0.0
R05DA11,50.503983,5.0,1.0,0.0
R05DA12,55.523643,5.0,1.0,0.0
R05DA20,55.13874,5.0,1.0,0.0
R05DB,59.411972,4.0,0.8,27.0
R05DB01,51.47766,5.0,1.0,0.0
R05DB02,50.373882,5.0,1.0,0.0
R05DB03,62.44624,5.0,1.0,0.0
R05DB04,59.060047,5.0,1.0,0.0
R05DB05,53.87399,5.0,1.0,0.0
R05DB07,56.79839,5.0,1.0,0.0
R05DB09,52.215244,5.0,1.0,0.0
R05DB10,51.524517,5.0,1.0,0.0
R05DB11,56.665077,5.0,1.0,0.0
R05DB12,58.241596,5.0,1.0,0.0
R05DB13,59.455673,5.0,1.0,0.0
R05DB14,49.588528,5.0,1.0,0.0
R05DB15,63.706562,5.0,1.0,0.0
R05DB16,56.877323,5.0,1.0,0.0
R05DB17,58.4983,5.0,1.0,0.0
R05DB18,53.75171,5.0,1.0,0.0
R05DB19,55.20861,5.0,1.0,0.0
R05DB20,58.268192,5.0,1.0,0.0
R05DB21,59.00458,5.0,1.0,0.0
R05DB22,58.474857,5.0,1.0,0.0
R05DB23,51.477386,5.0,1.0,0.0
R05DB24,57.747887,5.0,1.0,0.0
R05DB25,60.127735,5.0,1.0,0.0
R05DB26,57.47278,5.0,1.0,0.0
R05DB27,57.896942,5.0,1.0,0.0
R05DB28,56.41099,5.0,1.0,0.0
R05DB29,62.222805,5.0,1.0,0.0
R05F,65.18541,3.0,0.6,6.0
R05FA,66.33606,4.0,0.8,2.0
R05FA01,65.25618,5.0,1.0,0.0
R05FA02,66.17366,5.0,1.0,0.0
R05FB,63.358047,4.0,0.8,2.0
R05FB01,62.859783,5.0,1.0,0.0
R05FB02,62.84195,5.0,1.0,0.0
R05X,55.70637,3.0,1.0,0.0
R06,37.51442,2.0,0.4,92.0
R06A,37.62601,3.0,0.6,91.0
R06AA,48.77398,4.0,0.8,15.0
R06AA01,47.77156,5.0,1.0,0.0
R06AA02,46.162754,5.0,1.0,0.0
R06AA04,48.545094,5.0,1.0,0.0
R06AA06,46.351036,5.0,1.0,0.0
R06AA07,44.77884,5.0,1.0,0.0
R06AA08,46.52002,5.0,1.0,0.0
R06AA09,44.174107,5.0,1.0,0.0
R06AA10,45.00244,5.0,1.0,0.0
R06AA11,47.815174,5.0,1.0,0.0
R06AA52,49.12803,5.0,1.0,0.0
R06AA54,48.736908,5.0,1.0,0.0
R06AA56,47.672794,5.0,1.0,0.0
R06AA57,46.281258,5.0,1.0,0.0
R06AA59,43.834694,5.0,1.0,0.0
R06AA61,45.287117,5.0,1.0,0.0
R06AB,57.98198,4.0,0.8,11.0
R06AB01,57.680748,5.0,1.0,0.0
R06AB02,57.993988,5.0,1.0,0.0
R06AB03,59.4359,5.0,1.0,0.0
R06AB04,58.201366,5.0,1.0,0.0
R06AB05,56.566994,5.0,1.0,0.0
R06AB06,54.213062,5.0,1.0,0.0
R06AB07,53.560646,5.0,1.0,0.0
R06AB51,52.866405,5.0,1.0,0.0
R06AB52,57.919563,5.0,1.0,0.0
R06AB54,55.50988,5.0,1.0,0.0
R06AB56,56.551865,5.0,1.0,0.0
R06AC,59.224083,4.0,0.8,8.0
R06AC01,58.3943,5.0,1.0,0.0
R06AC02,57.19908,5.0,1.0,0.0
R06AC03,57.505795,5.0,1.0,0.0
R06AC04,59.442215,5.0,1.0,0.0
R06AC05,59.911674,5.0,1.0,0.0
R06AC06,54.58452,5.0,1.0,0.0
R06AC52,57.085293,5.0,1.0,0.0
R06AC53,57.017715,5.0,1.0,0.0
R06AD,54.800255,4.0,0.8,11.0
R06AD01,54.297153,5.0,1.0,0.0
R06AD02,55.059605,5.0,1.0,0.0
R06AD03,55.03399,5.0,1.0,0.0
R06AD04,54.52586,5.0,1.0,0.0
R06AD05,54.057037,5.0,1.0,0.0
R06AD06,52.74449,5.0,1.0,0.0
R06AD07,50.88873,5.0,1.0,0.0
R06AD08,52.278442,5.0,1.0,0.0
R06AD09,51.846012,5.0,1.0,0.0
R06AD52,53.27745,5.0,1.0,0.0
R06AD55,49.563866,5.0,1.0,0.0
R06AE,55.64142,4.0,0.8,10.0
R06AE01,51.08553,5.0,1.0,0.0
R06AE03,55.23066,5.0,1.0,0.0
R06AE04,49.07916,5.0,1.0,0.0
R06AE05,54.442112,5.0,1.0,0.0
R06AE06,53.78412,5.0,1.0,0.0
R06AE07,55.47001,5.0,1.0,0.0
R06AE09,56.916225,5.0,1.0,0.0
R06AE51,53.491417,5.0,1.0,0.0
R06AE53,53.81272,5.0,1.0,0.0
R06AE55,54.83107,5.0,1.0,0.0
R06AK,52.33943,4.0,1.0,0.0
R06AX,49.243145,4.0,0.8,29.0
R06AX01,48.10165,5.0,1.0,0.0
R06AX02,42.536633,5.0,1.0,0.0
R06AX03,40.575443,5.0,1.0,0.0
R06AX04,52.0912,5.0,1.0,0.0
R06AX05,51.49661,5.0,1.0,0.0
R06AX07,44.91687,5.0,1.0,0.0
R06AX08,46.567005,5.0,1.0,0.0
R06AX09,44.69007,5.0,1.0,0.0
R06AX11,50.10209,5.0,1.0,0.0
R06AX12,51.62613,5.0,1.0,0.0
R06AX13,49.174664,5.0,1.0,0.0
R06AX15,47.48306,5.0,1.0,0.0
R06AX16,54.90521,5.0,1.0,0.0
R06AX17,45.400562,5.0,1.0,0.0
R06AX18,45.635834,5.0,1.0,0.0
R06AX19,39.378384,5.0,1.0,0.0
R06AX21,49.619724,5.0,1.0,0.0
R06AX22,45.647007,5.0,1.0,0.0
R06AX23,50.83309,5.0,1.0,0.0
R06AX24,40.890854,5.0,1.0,0.0
R06AX25,50.497253,5.0,1.0,0.0
R06AX26,53.10408,5.0,1.0,0.0
R06AX27,46.19559,5.0,1.0,0.0
R06AX28,52.143177,5.0,1.0,0.0
R06AX29,54.153877,5.0,1.0,0.0
R06AX31,40.03476,5.0,1.0,0.0
R06AX32,57.299477,5.0,1.0,0.0
R06AX53,50.63146,5.0,1.0,0.0
R06AX58,44.28518,5.0,1.0,0.0
R07,56.271774,2.0,0.4,24.0
R07A,56.153828,3.0,0.6,23.0
R07AA,44.93325,4.0,0.8,3.0
R07AA01,45.3156,5.0,1.0,0.0
R07AA02,44.54684,5.0,1.0,0.0
R07AA30,44.780598,5.0,1.0,0.0
R07AB,56.595356,4.0,0.8,11.0
R07AB01,56.599586,5.0,1.0,0.0
R07AB02,57.2826,5.0,1.0,0.0
R07AB03,53.643593,5.0,1.0,0.0
R07AB04,55.544357,5.0,1.0,0.0
R07AB05,56.366898,5.0,1.0,0.0
R07AB06,56.593193,5.0,1.0,0.0
R07AB07,56.465244,5.0,1.0,0.0
R07AB08,56.574863,5.0,1.0,0.0
R07AB09,55.812645,5.0,1.0,0.0
R07AB52,53.712036,5.0,1.0,0.0
R07AB53,56.128975,5.0,1.0,0.0
R07AX,56.163834,4.0,0.8,6.0
R07AX01,56.21023,5.0,1.0,0.0
R07AX02,55.05081,5.0,1.0,0.0
R07AX30,55.908913,5.0,1.0,0.0
R07AX31,55.667976,5.0,1.0,0.0
R07AX32,55.37974,5.0,1.0,0.0
R07AX33,56.111443,5.0,1.0,0.0
S,18.36145,1.0,0.2,372.0
S01,24.095362,2.0,0.4,299.0
S01A,91.54592,3.0,0.6,73.0
S01AA,109.44284,4.0,0.8,30.0
S01AA01,103.36785,5.0,1.0,0.0
S01AA02,109.83022,5.0,1.0,0.0
S01AA03,102.25864,5.0,1.0,0.0
S01AA04,96.99968,5.0,1.0,0.0
S01AA05,108.250946,5.0,1.0,0.0
S01AA07,96.27771,5.0,1.0,0.0
S01AA09,100.80249,5.0,1.0,0.0
S01AA10,108.12571,5.0,1.0,0.0
S01AA11,112.96687,5.0,1.0,0.0
S01AA12,113.113785,5.0,1.0,0.0
S01AA13,110.18089,5.0,1.0,0.0
S01AA14,107.20047,5.0,1.0,0.0
S01AA15,108.62856,5.0,1.0,0.0
S01AA16,112.384895,5.0,1.0,0.0
S01AA17,99.94152,5.0,1.0,0.0
S01AA18,103.26023,5.0,1.0,0.0
S01AA19,105.727394,5.0,1.0,0.0
S01AA20,98.48293,5.0,1.0,0.0
S01AA21,109.46767,5.0,1.0,0.0
S01AA22,112.51004,5.0,1.0,0.0
S01AA23,99.16934,5.0,1.0,0.0
S01AA24,107.285164,5.0,1.0,0.0
S01AA25,99.8599,5.0,1.0,0.0
S01AA26,104.29495,5.0,1.0,0.0
S01AA27,96.92588,5.0,1.0,0.0
S01AA28,101.38376,5.0,1.0,0.0
S01AA29,111.344406,5.0,1.0,0.0
S01AA30,103.140755,5.0,1.0,0.0
S01AA31,96.35441,5.0,1.0,0.0
S01AA32,109.152916,5.0,1.0,0.0
S01AB,57.22465,4.0,0.8,5.0
S01AB01,56.65171,5.0,1.0,0.0
S01AB02,56.529232,5.0,1.0,0.0
S01AB03,56.964157,5.0,1.0,0.0
S01AB04,56.828445,5.0,1.0,0.0
S01AB05,56.67604,5.0,1.0,0.0
S01AD,65.25565,4.0,0.8,8.0
S01AD01,63.82741,5.0,1.0,0.0
S01AD02,65.66227,5.0,1.0,0.0
S01AD03,65.36052,5.0,1.0,0.0
S01AD05,65.921844,5.0,1.0,0.0
S01AD06,66.202805,5.0,1.0,0.0
S01AD07,64.26467,5.0,1.0,0.0
S01AD08,63.696957,5.0,1.0,0.0
S01AD09,62.688477,5.0,1.0,0.0
S01AE,120.85639,4.0,0.8,9.0
S01AE01,115.28945,5.0,1.0,0.0
S01AE02,120.04259,5.0,1.0,0.0
S01AE03,118.30574,5.0,1.0,0.0
S01AE04,115.83645,5.0,1.0,0.0
S01AE05,117.50669,5.0,1.0,0.0
S01AE06,119.57769,5.0,1.0,0.0
S01AE07,118.30898,5.0,1.0,0.0
S01AE08,119.78727,5.0,1.0,0.0
S01AE09,121.93488,5.0,1.0,0.0
S01AX,131.86707,4.0,0.8,16.0
S01AX01,120.23328,5.0,1.0,0.0
S01AX02,127.3251,5.0,1.0,0.0
S01AX03,121.92475,5.0,1.0,0.0
S01AX04,130.34094,5.0,1.0,0.0
S01AX05,110.90098,5.0,1.0,0.0
S01AX06,122.33028,5.0,1.0,0.0
S01AX07,128.39168,5.0,1.0,0.0
S01AX08,129.61267,5.0,1.0,0.0
S01AX09,122.22437,5.0,1.0,0.0
S01AX10,127.18596,5.0,1.0,0.0
S01AX14,131.25394,5.0,1.0,0.0
S01AX15,131.33696,5.0,1.0,0.0
S01AX16,131.55002,5.0,1.0,0.0
S01AX18,121.54419,5.0,1.0,0.0
S01AX24,130.14435,5.0,1.0,0.0
S01AX25,132.6423,5.0,1.0,0.0
S01B,65.50252,3.0,0.6,34.0
S01BA,66.42605,4.0,0.8,16.0
S01BA01,66.69809,5.0,1.0,0.0
S01BA02,67.55699,5.0,1.0,0.0
S01BA03,64.40165,5.0,1.0,0.0
S01BA04,63.65541,5.0,1.0,0.0
S01BA05,66.42135,5.0,1.0,0.0
S01BA06,63.27866,5.0,1.0,0.0
S01BA07,61.70802,5.0,1.0,0.0
S01BA08,65.057236,5.0,1.0,0.0
S01BA09,61.51162,5.0,1.0,0.0
S01BA10,64.27249,5.0,1.0,0.0
S01BA11,67.479546,5.0,1.0,0.0
S01BA12,61.69896,5.0,1.0,0.0
S01BA13,65.95442,5.0,1.0,0.0
S01BA14,64.29174,5.0,1.0,0.0
S01BA15,67.05855,5.0,1.0,0.0
S01BA16,66.09522,5.0,1.0,0.0
S01BB,69.806915,4.0,0.8,4.0
S01BB01,68.78224,5.0,1.0,0.0
S01BB02,68.62918,5.0,1.0,0.0
S01BB03,68.30464,5.0,1.0,0.0
S01BB04,69.78576,5.0,1.0,0.0
S01BC,70.88586,4.0,0.8,11.0
S01BC01,63.650543,5.0,1.0,0.0
S01BC02,69.4076,5.0,1.0,0.0
S01BC03,70.74447,5.0,1.0,0.0
S01BC04,67.709564,5.0,1.0,0.0
S01BC05,67.23104,5.0,1.0,0.0
S01BC06,69.23907,5.0,1.0,0.0
S01BC07,68.30691,5.0,1.0,0.0
S01BC08,70.78384,5.0,1.0,0.0
S01BC09,68.658325,5.0,1.0,0.0
S01BC10,70.659035,5.0,1.0,0.0
S01BC11,67.60024,5.0,1.0,0.0
S01C,62.977158,3.0,0.6,22.0
S01CA,62.764984,4.0,0.8,12.0
S01CA01,59.48333,5.0,1.0,0.0
S01CA02,64.08206,5.0,1.0,0.0
S01CA03,59.43655,5.0,1.0,0.0
S01CA04,60.26712,5.0,1.0,0.0
S01CA05,60.487602,5.0,1.0,0.0
S01CA06,62.655262,5.0,1.0,0.0
S01CA07,61.167538,5.0,1.0,0.0
S01CA08,61.18171,5.0,1.0,0.0
S01CA09,63.511734,5.0,1.0,0.0
S01CA10,61.776993,5.0,1.0,0.0
S01CA11,60.096813,5.0,1.0,0.0
S01CA12,62.27482,5.0,1.0,0.0
S01CB,64.0248,4.0,0.8,5.0
S01CB01,64.73903,5.0,1.0,0.0
S01CB02,63.292496,5.0,1.0,0.0
S01CB03,64.347565,5.0,1.0,0.0
S01CB04,62.12512,5.0,1.0,0.0
S01CB05,63.67722,5.0,1.0,0.0
S01CC,56.62008,4.0,0.8,2.0
S01CC01,56.117207,5.0,1.0,0.0
S01CC02,56.48132,5.0,1.0,0.0
S01E,78.188705,3.0,0.6,54.0
S01EA,97.51727,4.0,0.8,7.0
S01EA01,96.17557,5.0,1.0,0.0
S01EA02,96.69426,5.0,1.0,0.0
S01EA03,97.062195,5.0,1.0,0.0
S01EA04,96.02643,5.0,1.0,0.0
S01EA05,93.745575,5.0,1.0,0.0
S01EA51,95.71488,5.0,1.0,0.0
S01EA55,93.98207,5.0,1.0,0.0
S01EB,91.70412,4.0,0.8,12.0
S01EB01,88.14417,5.0,1.0,0.0
S01EB02,87.61797,5.0,1.0,0.0
S01EB03,91.53396,5.0,1.0,0.0
S01EB04,85.17267,5.0,1.0,0.0
S01EB05,91.08339,5.0,1.0,0.0
S01EB06,89.3652,5.0,1.0,0.0
S01EB07,86.798294,5.0,1.0,0.0
S01EB08,90.07218,5.0,1.0,0.0
S01EB09,94.07699,5.0,1.0,0.0
S01EB10,88.91727,5.0,1.0,0.0
S01EB51,91.84344,5.0,1.0,0.0
S01EB58,86.89315,5.0,1.0,0.0
S01EC,95.642166,4.0,0.8,6.0
S01EC01,97.77308,5.0,1.0,0.0
S01EC02,92.91324,5.0,1.0,0.0
S01EC03,93.843155,5.0,1.0,0.0
S01EC04,94.22298,5.0,1.0,0.0
S01EC05,93.91962,5.0,1.0,0.0
S01EC54,92.41364,5.0,1.0,0.0
S01ED,91.66159,4.0,0.8,10.0
S01ED01,90.82403,5.0,1.0,0.0
S01ED02,87.95027,5.0,1.0,0.0
S01ED03,90.3037,5.0,1.0,0.0
S01ED04,90.63144,5.0,1.0,0.0
S01ED05,89.54741,5.0,1.0,0.0
S01ED06,92.48748,5.0,1.0,0.0
S01ED51,90.798416,5.0,1.0,0.0
S01ED52,84.08041,5.0,1.0,0.0
S01ED54,91.34056,5.0,1.0,0.0
S01ED55,90.766396,5.0,1.0,0.0
S01EE,74.78825,4.0,0.8,8.0
S01EE01,73.46038,5.0,1.0,0.0
S01EE02,73.90722,5.0,1.0,0.0
S01EE03,71.605385,5.0,1.0,0.0
S01EE04,73.58481,5.0,1.0,0.0
S01EE05,74.73758,5.0,1.0,0.0
S01EE06,74.710304,5.0,1.0,0.0
S01EE51,74.73414,5.0,1.0,0.0
S01EE52,72.78253,5.0,1.0,0.0
S01EX,77.773026,4.0,0.8,5.0
S01EX01,77.76343,5.0,1.0,0.0
S01EX02,75.95801,5.0,1.0,0.0
S01EX05,76.21327,5.0,1.0,0.0
S01EX06,76.64029,5.0,1.0,0.0
S01EX07,77.7606,5.0,1.0,0.0
S01F,60.7657,3.0,0.6,14.0
S01FA,61.000423,4.0,0.8,8.0
S01FA01,58.186123,5.0,1.0,0.0
S01FA02,58.651493,5.0,1.0,0.0
S01FA03,60.098976,5.0,1.0,0.0
S01FA04,62.958397,5.0,1.0,0.0
S01FA05,59.838867,5.0,1.0,0.0
S01FA06,60.64052,5.0,1.0,0.0
S01FA54,61.07915,5.0,1.0,0.0
S01FA56,60.205143,5.0,1.0,0.0
S01FB,54.92169,4.0,0.8,4.0
S01FB01,54.312798,5.0,1.0,0.0
S01FB02,54.027885,5.0,1.0,0.0
S01FB03,55.36456,5.0,1.0,0.0
S01FB51,54.788406,5.0,1.0,0.0
S01G,85.35674,3.0,0.6,28.0
S01GA,84.3956,4.0,0.8,12.0
S01GA01,82.64449,5.0,1.0,0.0
S01GA02,86.698906,5.0,1.0,0.0
S01GA03,79.11074,5.0,1.0,0.0
S01GA04,77.75062,5.0,1.0,0.0
S01GA05,85.97296,5.0,1.0,0.0
S01GA06,77.93267,5.0,1.0,0.0
S01GA07,78.35231,5.0,1.0,0.0
S01GA51,79.70079,5.0,1.0,0.0
S01GA52,82.79781,5.0,1.0,0.0
S01GA53,82.96117,5.0,1.0,0.0
S01GA55,83.498634,5.0,1.0,0.0
S01GA56,83.37327,5.0,1.0,0.0
S01GX,85.36128,4.0,0.8,14.0
S01GX01,87.41472,5.0,1.0,0.0
S01GX02,85.54017,5.0,1.0,0.0
S01GX03,82.729836,5.0,1.0,0.0
S01GX04,75.311066,5.0,1.0,0.0
S01GX05,84.837296,5.0,1.0,0.0
S01GX06,82.1709,5.0,1.0,0.0
S01GX07,82.90771,5.0,1.0,0.0
S01GX08,82.63584,5.0,1.0,0.0
S01GX09,83.33264,5.0,1.0,0.0
S01GX10,80.89855,5.0,1.0,0.0
S01GX11,75.168304,5.0,1.0,0.0
S01GX12,80.040565,5.0,1.0,0.0
S01GX13,86.26316,5.0,1.0,0.0
S01GX51,82.31339,5.0,1.0,0.0
S01H,61.167786,3.0,0.6,10.0
S01HA,61.09952,4.0,0.8,9.0
S01HA01,60.55285,5.0,1.0,0.0
S01HA02,59.954197,5.0,1.0,0.0
S01HA03,62.54011,5.0,1.0,0.0
S01HA04,57.230267,5.0,1.0,0.0
S01HA05,59.618275,5.0,1.0,0.0
S01HA06,59.916607,5.0,1.0,0.0
S01HA07,58.03264,5.0,1.0,0.0
S01HA08,60.07052,5.0,1.0,0.0
S01HA30,60.776222,5.0,1.0,0.0
S01J,62.53232,3.0,0.6,5.0
S01JA,62.865326,4.0,0.8,3.0
S01JA01,62.46323,5.0,1.0,0.0
S01JA02,62.292328,5.0,1.0,0.0
S01JA51,62.364456,5.0,1.0,0.0
S01JX,58.792503,4.0,1.0,0.0
S01K,61.18162,3.0,0.6,7.0
S01KA,61.545795,4.0,0.8,3.0
S01KA01,61.258705,5.0,1.0,0.0
S01KA02,61.222923,5.0,1.0,0.0
S01KA51,60.98513,5.0,1.0,0.0
S01KX,59.40687,4.0,0.8,2.0
S01KX01,59.682304,5.0,1.0,0.0
S01KX02,58.843044,5.0,1.0,0.0
S01L,63.69187,3.0,0.6,10.0
S01LA,63.654434,4.0,0.8,9.0
S01LA01,62.171196,5.0,1.0,0.0
S01LA02,61.691803,5.0,1.0,0.0
S01LA03,63.381668,5.0,1.0,0.0
S01LA04,62.736813,5.0,1.0,0.0
S01LA05,61.81237,5.0,1.0,0.0
S01LA06,64.32791,5.0,1.0,0.0
S01LA07,62.982796,5.0,1.0,0.0
S01LA08,65.26033,5.0,1.0,0.0
S01LA09,62.580597,5.0,1.0,0.0
S01X,94.21169,3.0,0.6,31.0
S01XA,94.11234,4.0,0.8,30.0
S01XA01,97.75501,5.0,1.0,0.0
S01XA02,83.32117,5.0,1.0,0.0
S01XA03,96.619415,5.0,1.0,0.0
S01XA04,79.78441,5.0,1.0,0.0
S01XA05,91.958786,5.0,1.0,0.0
S01XA06,87.92199,5.0,1.0,0.0
S01XA07,92.67024,5.0,1.0,0.0
S01XA08,95.50292,5.0,1.0,0.0
S01XA09,91.586876,5.0,1.0,0.0
S01XA10,90.32916,5.0,1.0,0.0
S01XA11,89.47529,5.0,1.0,0.0
S01XA12,78.46778,5.0,1.0,0.0
S01XA13,93.44338,5.0,1.0,0.0
S01XA14,100.36048,5.0,1.0,0.0
S01XA15,90.07781,5.0,1.0,0.0
S01XA18,97.342445,5.0,1.0,0.0
S01XA19,88.77049,5.0,1.0,0.0
S01XA20,90.110085,5.0,1.0,0.0
S01XA21,93.63229,5.0,1.0,0.0
S01XA22,93.360695,5.0,1.0,0.0
S01XA23,91.226166,5.0,1.0,0.0
S01XA24,93.95934,5.0,1.0,0.0
S01XA25,90.47505,5.0,1.0,0.0
S01XA26,86.56537,5.0,1.0,0.0
S01XA27,89.795105,5.0,1.0,0.0
S01XA28,93.990486,5.0,1.0,0.0
S01XA29,86.05533,5.0,1.0,0.0
S01XA31,90.03989,5.0,1.0,0.0
S01XA32,75.33261,5.0,1.0,0.0
S01XA33,90.60087,5.0,1.0,0.0
S02,41.330532,2.0,0.4,45.0
S02A,48.41111,3.0,0.6,20.0
S02AA,48.33097,4.0,0.8,19.0
S02AA01,42.991512,5.0,1.0,0.0
S02AA02,49.16003,5.0,1.0,0.0
S02AA03,48.622753,5.0,1.0,0.0
S02AA04,48.180687,5.0,1.0,0.0
S02AA05,48.425774,5.0,1.0,0.0
S02AA06,46.70726,5.0,1.0,0.0
S02AA07,48.886597,5.0,1.0,0.0
S02AA08,49.283363,5.0,1.0,0.0
S02AA09,43.585636,5.0,1.0,0.0
S02AA10,42.911396,5.0,1.0,0.0
S02AA11,42.80092,5.0,1.0,0.0
S02AA12,50.758713,5.0,1.0,0.0
S02AA13,43.762596,5.0,1.0,0.0
S02AA14,47.51288,5.0,1.0,0.0
S02AA15,48.788425,5.0,1.0,0.0
S02AA16,44.788906,5.0,1.0,0.0
S02AA17,44.328114,5.0,1.0,0.0
S02AA18,44.75326,5.0,1.0,0.0
S02AA30,47.864765,5.0,1.0,0.0
S02B,48.5694,3.0,0.6,6.0
S02BA,48.81142,4.0,0.8,5.0
S02BA01,49.177536,5.0,1.0,0.0
S02BA03,48.72922,5.0,1.0,0.0
S02BA06,47.82603,5.0,1.0,0.0
S02BA07,48.059433,5.0,1.0,0.0
S02BA08,47.92124,5.0,1.0,0.0
S02C,49.232536,3.0,0.6,8.0
S02CA,49.037533,4.0,0.8,7.0
S02CA01,48.79229,5.0,1.0,0.0
S02CA02,48.513783,5.0,1.0,0.0
S02CA03,47.894653,5.0,1.0,0.0
S02CA04,48.721813,5.0,1.0,0.0
S02CA05,48.359764,5.0,1.0,0.0
S02CA06,48.418274,5.0,1.0,0.0
S02CA07,49.40519,5.0,1.0,0.0
S02D,39.297188,3.0,0.6,7.0
S02DA,39.270206,4.0,0.8,5.0
S02DA01,39.34776,5.0,1.0,0.0
S02DA02,39.41575,5.0,1.0,0.0
S02DA03,38.80059,5.0,1.0,0.0
S02DA04,39.15676,5.0,1.0,0.0
S02DA30,38.728836,5.0,1.0,0.0
S02DC,36.240067,4.0,1.0,0.0
S03,49.730648,2.0,0.4,25.0
S03A,50.68809,3.0,0.6,10.0
S03AA,50.978386,4.0,0.8,9.0
S03AA01,49.255966,5.0,1.0,0.0
S03AA02,50.27352,5.0,1.0,0.0
S03AA03,50.24896,5.0,1.0,0.0
S03AA04,50.41179,5.0,1.0,0.0
S03AA05,50.486916,5.0,1.0,0.0
S03AA06,51.220737,5.0,1.0,0.0
S03AA07,50.591953,5.0,1.0,0.0
S03AA08,52.042824,5.0,1.0,0.0
S03AA30,50.114113,5.0,1.0,0.0
S03B,45.698425,3.0,0.6,4.0
S03BA,45.77461,4.0,0.8,3.0
S03BA01,45.383545,5.0,1.0,0.0
S03BA02,45.453377,5.0,1.0,0.0
S03BA03,45.536728,5.0,1.0,0.0
S03C,46.354015,3.0,0.6,7.0
S03CA,46.188293,4.0,0.8,6.0
S03CA01,45.98518,5.0,1.0,0.0
S03CA02,46.17773,5.0,1.0,0.0
S03CA04,46.08014,5.0,1.0,0.0
S03CA05,45.37909,5.0,1.0,0.0
S03CA06,46.00237,5.0,1.0,0.0
S03CA07,46.600204,5.0,1.0,0.0
S03D,44.680634,3.0,1.0,0.0
V,14.528585,1.0,0.2,439.0
V01,36.753536,2.0,0.4,13.0
V01A,36.91055,3.0,0.6,12.0
V01AA,36.984497,4.0,0.8,11.0
V01AA01,36.45358,5.0,1.0,0.0
V01AA02,36.364067,5.0,1.0,0.0
V01AA03,36.86408,5.0,1.0,0.0
V01AA04,34.587177,5.0,1.0,0.0
V01AA05,37.59923,5.0,1.0,0.0
V01AA07,36.411877,5.0,1.0,0.0
V01AA08,38.416008,5.0,1.0,0.0
V01AA09,36.260056,5.0,1.0,0.0
V01AA10,35.928276,5.0,1.0,0.0
V01AA11,37.701912,5.0,1.0,0.0
V01AA20,35.12269,5.0,1.0,0.0
V03,96.47783,2.0,0.4,82.0
V03A,96.65582,3.0,0.6,81.0
V03AB,109.065186,4.0,0.8,33.0
V03AB01,107.616806,5.0,1.0,0.0
V03AB02,96.706085,5.0,1.0,0.0
V03AB03,105.17085,5.0,1.0,0.0
V03AB04,107.19307,5.0,1.0,0.0
V03AB05,113.13818,5.0,1.0,0.0
V03AB06,95.94446,5.0,1.0,0.0
V03AB08,103.06437,5.0,1.0,0.0
V03AB09,121.3022,5.0,1.0,0.0
V03AB13,99.72775,5.0,1.0,0.0
V03AB14,104.36733,5.0,1.0,0.0
V03AB15,115.30113,5.0,1.0,0.0
V03AB16,113.62151,5.0,1.0,0.0
V03AB17,106.04661,5.0,1.0,0.0
V03AB18,101.089806,5.0,1.0,0.0
V03AB19,104.145134,5.0,1.0,0.0
V03AB20,107.38019,5.0,1.0,0.0
V03AB21,109.22544,5.0,1.0,0.0
V03AB22,116.96389,5.0,1.0,0.0
V03AB23,107.98582,5.0,1.0,0.0
V03AB24,105.900375,5.0,1.0,0.0
V03AB25,106.666306,5.0,1.0,0.0
V03AB26,102.07466,5.0,1.0,0.0
V03AB27,126.90286,5.0,1.0,0.0
V03AB29,102.70012,5.0,1.0,0.0
V03AB31,125.58732,5.0,1.0,0.0
V03AB32,124.26227,5.0,1.0,0.0
V03AB33,105.90135,5.0,1.0,0.0
V03AB34,100.434784,5.0,1.0,0.0
V03AB35,102.42068,5.0,1.0,0.0
V03AB36,110.54636,5.0,1.0,0.0
V03AB37,108.45941,5.0,1.0,0.0
V03AB38,106.04212,5.0,1.0,0.0
V03AB54,105.59424,5.0,1.0,0.0
V03AC,114.74227,4.0,0.8,3.0
V03AC01,111.47423,5.0,1.0,0.0
V03AC02,114.146095,5.0,1.0,0.0
V03AC03,112.25143,5.0,1.0,0.0
V03AE,132.65103,4.0,0.8,10.0
V03AE01,131.99457,5.0,1.0,0.0
V03AE02,127.81841,5.0,1.0,0.0
V03AE03,130.70052,5.0,1.0,0.0
V03AE04,125.00402,5.0,1.0,0.0
V03AE05,124.06364,5.0,1.0,0.0
V03AE06,130.65178,5.0,1.0,0.0
V03AE07,128.5309,5.0,1.0,0.0
V03AE08,131.81712,5.0,1.0,0.0
V03AE09,132.33003,5.0,1.0,0.0
V03AE10,132.91277,5.0,1.0,0.0
V03AF,109.8742,4.0,0.8,12.0
V03AF01,110.289986,5.0,1.0,0.0
V03AF02,114.025314,5.0,1.0,0.0
V03AF03,105.04808,5.0,1.0,0.0
V03AF04,107.316956,5.0,1.0,0.0
V03AF05,101.71441,5.0,1.0,0.0
V03AF06,106.63518,5.0,1.0,0.0
V03AF07,110.26817,5.0,1.0,0.0
V03AF08,108.25485,5.0,1.0,0.0
V03AF09,103.821144,5.0,1.0,0.0
V03AF10,104.75829,5.0,1.0,0.0
V03AF11,107.79316,5.0,1.0,0.0
V03AF12,105.00617,5.0,1.0,0.0
V03AG,97.82826,4.0,0.8,2.0
V03AG01,98.0919,5.0,1.0,0.0
V03AG05,97.34276,5.0,1.0,0.0
V03AH,85.38205,4.0,0.8,1.0
V03AH01,84.48377,5.0,1.0,0.0
V03AK,76.4379,4.0,1.0,0.0
V03AM,76.40206,4.0,1.0,0.0
V03AN,116.637115,4.0,0.8,5.0
V03AN01,112.437836,5.0,1.0,0.0
V03AN02,113.303154,5.0,1.0,0.0
V03AN03,111.95263,5.0,1.0,0.0
V03AN04,117.9915,5.0,1.0,0.0
V03AN05,111.32608,5.0,1.0,0.0
V03AX,110.5161,4.0,0.8,3.0
V03AX02,108.2512,5.0,1.0,0.0
V03AX03,106.678185,5.0,1.0,0.0
V03AX04,108.122086,5.0,1.0,0.0
V03AZ,88.15719,4.0,0.8,1.0
V03AZ01,87.46223,5.0,1.0,0.0
V04,43.033794,2.0,0.4,60.0
V04B,52.719185,3.0,1.0,0.0
V04C,43.07886,3.0,0.6,58.0
V04CA,38.525757,4.0,0.8,2.0
V04CA01,38.37319,5.0,1.0,0.0
V04CA02,38.488586,5.0,1.0,0.0
V04CB,43.651566,4.0,0.8,1.0
V04CB01,43.76656,5.0,1.0,0.0
V04CC,52.285564,4.0,0.8,4.0
V04CC01,51.9187,5.0,1.0,0.0
V04CC02,52.466976,5.0,1.0,0.0
V04CC03,51.925297,5.0,1.0,0.0
V04CC04,51.59529,5.0,1.0,0.0
V04CD,48.324173,4.0,0.8,5.0
V04CD01,47.91788,5.0,1.0,0.0
V04CD03,47.99709,5.0,1.0,0.0
V04CD04,48.139015,5.0,1.0,0.0
V04CD05,48.146175,5.0,1.0,0.0
V04CD06,48.11409,5.0,1.0,0.0
V04CE,55.392258,4.0,0.8,3.0
V04CE01,55.672234,5.0,1.0,0.0
V04CE02,55.16125,5.0,1.0,0.0
V04CE03,55.073566,5.0,1.0,0.0
V04CF,43.522633,4.0,0.8,1.0
V04CF01,43.82066,5.0,1.0,0.0
V04CG,55.48679,4.0,0.8,6.0
V04CG01,56.217743,5.0,1.0,0.0
V04CG02,53.94035,5.0,1.0,0.0
V04CG03,55.307217,5.0,1.0,0.0
V04CG04,55.247738,5.0,1.0,0.0
V04CG05,55.177204,5.0,1.0,0.0
V04CG30,53.45431,5.0,1.0,0.0
V04CH,50.729935,4.0,0.8,5.0
V04CH01,50.016335,5.0,1.0,0.0
V04CH02,49.546104,5.0,1.0,0.0
V04CH03,49.3581,5.0,1.0,0.0
V04CH04,50.707005,5.0,1.0,0.0
V04CH30,50.987114,5.0,1.0,0.0
V04CJ,45.452457,4.0,0.8,2.0
V04CJ01,44.855198,5.0,1.0,0.0
V04CJ02,45.998474,5.0,1.0,0.0
V04CK,50.32905,4.0,0.8,3.0
V04CK01,49.43857,5.0,1.0,0.0
V04CK02,50.237934,5.0,1.0,0.0
V04CK03,50.134193,5.0,1.0,0.0
V04CL,42.09186,4.0,1.0,0.0
V04CM,49.316704,4.0,0.8,1.0
V04CM01,49.671864,5.0,1.0,0.0
V04CX,47.165234,4.0,0.8,12.0
V04CX01,47.0524,5.0,1.0,0.0
V04CX02,48.221508,5.0,1.0,0.0
V04CX03,48.25181,5.0,1.0,0.0
V04CX04,43.946156,5.0,1.0,0.0
V04CX05,46.475628,5.0,1.0,0.0
V04CX06,46.25963,5.0,1.0,0.0
V04CX07,46.15837,5.0,1.0,0.0
V04CX08,46.29998,5.0,1.0,0.0
V04CX09,47.787144,5.0,1.0,0.0
V04CX10,46.57282,5.0,1.0,0.0
V04CX11,46.167633,5.0,1.0,0.0
V04CX12,47.98669,5.0,1.0,0.0
V06,42.234097,2.0,0.4,15.0
V06A,35.925545,3.0,0.75,1.0
V06AA,36.089256,4.0,1.0,0.0
V06B,36.89753,3.0,1.0,0.0
V06C,38.192295,3.0,0.75,1.0
V06CA,38.035236,4.0,1.0,0.0
V06D,42.865017,3.0,0.6,9.0
V06DA,42.11118,4.0,1.0,0.0
V06DB,39.919273,4.0,1.0,0.0
V06DC,43.997177,4.0,0.8,2.0
V06DC01,43.707016,5.0,1.0,0.0
V06DC02,43.767292,5.0,1.0,0.0
V06DD,41.915936,4.0,1.0,0.0
V06DE,40.40666,4.0,1.0,0.0
V06DF,41.44945,4.0,1.0,0.0
V06DX,41.662045,4.0,1.0,0.0
V07,41.80062,2.0,0.5,13.0
V07A,41.871708,3.0,0.75,12.0
V07AA,40.886803,4.0,1.0,0.0
V07AB,40.772972,4.0,1.0,0.0
V07AC,41.23328,4.0,1.0,0.0
V07AD,42.12145,4.0,1.0,0.0
V07AN,39.35819,4.0,1.0,0.0
V07AR,40.82399,4.0,1.0,0.0
V07AS,38.08581,4.0,1.0,0.0
V07AT,41.015926,4.0,1.0,0.0
V07AV,38.897263,4.0,1.0,0.0
V07AX,42.27505,4.0,1.0,0.0
V07AY,42.727688,4.0,1.0,0.0
V07AZ,43.033684,4.0,1.0,0.0
V08,45.701374,2.0,0.4,73.0
V08A,59.793434,3.0,0.6,40.0
V08AA,57.471806,4.0,0.8,10.0
V08AA01,58.19184,5.0,1.0,0.0
V08AA02,57.775005,5.0,1.0,0.0
V08AA03,57.831837,5.0,1.0,0.0
V08AA04,57.07221,5.0,1.0,0.0
V08AA05,55.780945,5.0,1.0,0.0
V08AA06,56.22679,5.0,1.0,0.0
V08AA07,59.003326,5.0,1.0,0.0
V08AA08,56.706852,5.0,1.0,0.0
V08AA09,56.539284,5.0,1.0,0.0
V08AA10,53.988083,5.0,1.0,0.0
V08AB,65.46043,4.0,0.8,12.0
V08AB01,61.998703,5.0,1.0,0.0
V08AB02,60.5101,5.0,1.0,0.0
V08AB03,66.7564,5.0,1.0,0.0
V08AB04,63.460365,5.0,1.0,0.0
V08AB05,65.76261,5.0,1.0,0.0
V08AB06,65.74264,5.0,1.0,0.0
V08AB07,65.4334,5.0,1.0,0.0
V08AB08,64.11808,5.0,1.0,0.0
V08AB09,65.02489,5.0,1.0,0.0
V08AB10,65.06289,5.0,1.0,0.0
V08AB11,59.214264,5.0,1.0,0.0
V08AB12,61.50059,5.0,1.0,0.0
V08AC,65.93079,4.0,0.8,10.0
V08AC01,64.17462,5.0,1.0,0.0
V08AC02,65.6244,5.0,1.0,0.0
V08AC03,66.80375,5.0,1.0,0.0
V08AC04,65.704445,5.0,1.0,0.0
V08AC05,63.505474,5.0,1.0,0.0
V08AC06,65.92257,5.0,1.0,0.0
V08AC07,64.16205,5.0,1.0,0.0
V08AC08,63.428448,5.0,1.0,0.0
V08AC09,60.5084,5.0,1.0,0.0
V08AC10,64.34008,5.0,1.0,0.0
V08AD,48.51534,4.0,0.8,4.0
V08AD01,48.78808,5.0,1.0,0.0
V08AD02,47.620205,5.0,1.0,0.0
V08AD03,48.753906,5.0,1.0,0.0
V08AD04,47.700127,5.0,1.0,0.0
V08B,66.460724,3.0,0.6,3.0
V08BA,66.402725,4.0,0.8,2.0
V08BA01,65.7028,5.0,1.0,0.0
V08BA02,65.40711,5.0,1.0,0.0
V08C,70.46795,3.0,0.6,19.0
V08CA,71.37056,4.0,0.8,12.0
V08CA01,71.44664,5.0,1.0,0.0
V08CA02,70.65148,5.0,1.0,0.0
V08CA03,70.22537,5.0,1.0,0.0
V08CA04,69.91542,5.0,1.0,0.0
V08CA05,68.629005,5.0,1.0,0.0
V08CA06,70.38803,5.0,1.0,0.0
V08CA07,68.61029,5.0,1.0,0.0
V08CA08,70.15425,5.0,1.0,0.0
V08CA09,69.609474,5.0,1.0,0.0
V08CA10,66.91677,5.0,1.0,0.0
V08CA11,71.67717,5.0,1.0,0.0
V08CA12,70.62401,5.0,1.0,0.0
V08CB,63.234924,4.0,0.8,3.0
V08CB01,63.233696,5.0,1.0,0.0
V08CB02,62.24839,5.0,1.0,0.0
V08CB03,63.43375,5.0,1.0,0.0
V08CX,55.230583,4.0,0.8,1.0
V08CX01,55.18871,5.0,1.0,0.0
V08D,51.90471,3.0,0.6,7.0
V08DA,51.806244,4.0,0.8,6.0
V08DA01,50.89888,5.0,1.0,0.0
V08DA02,51.757942,5.0,1.0,0.0
V08DA03,51.457214,5.0,1.0,0.0
V08DA04,51.103333,5.0,1.0,0.0
V08DA05,51.07473,5.0,1.0,0.0
V08DA06,51.178192,5.0,1.0,0.0
V09,38.658447,2.0,0.4,144.0
V09A,98.320305,3.0,0.6,14.0
V09AA,86.69874,4.0,0.8,2.0
V09AA01,86.427536,5.0,1.0,0.0
V09AA02,88.163216,5.0,1.0,0.0
V09AB,93.177956,4.0,0.8,3.0
V09AB01,91.71416,5.0,1.0,0.0
V09AB02,91.78499,5.0,1.0,0.0
V09AB03,93.826675,5.0,1.0,0.0
V09AX,99.693405,4.0,0.8,6.0
V09AX01,97.46514,5.0,1.0,0.0
V09AX03,97.60114,5.0,1.0,0.0
V09AX04,96.4104,5.0,1.0,0.0
V09AX05,98.6115,5.0,1.0,0.0
V09AX06,97.69106,5.0,1.0,0.0
V09AX07,97.120415,5.0,1.0,0.0
V09B,72.33745,3.0,0.6,5.0
V09BA,72.32688,4.0,0.8,4.0
V09BA01,70.7141,5.0,1.0,0.0
V09BA02,71.54312,5.0,1.0,0.0
V09BA03,72.0111,5.0,1.0,0.0
V09BA04,71.15799,5.0,1.0,0.0
V09C,112.25283,3.0,0.6,12.0
V09CA,111.88825,4.0,0.8,6.0
V09CA01,108.45616,5.0,1.0,0.0
V09CA02,109.80523,5.0,1.0,0.0
V09CA03,108.535385,5.0,1.0,0.0
V09CA04,109.93548,5.0,1.0,0.0
V09CA05,111.00297,5.0,1.0,0.0
V09CA06,108.981766,5.0,1.0,0.0
V09CX,111.22211,4.0,0.8,4.0
V09CX01,108.547,5.0,1.0,0.0
V09CX02,108.861694,5.0,1.0,0.0
V09CX03,105.823105,5.0,1.0,0.0
V09CX04,110.877655,5.0,1.0,0.0
V09D,95.03315,3.0,0.6,16.0
V09DA,95.43863,4.0,0.8,5.0
V09DA01,93.398285,5.0,1.0,0.0
V09DA02,94.15846,5.0,1.0,0.0
V09DA03,95.18403,5.0,1.0,0.0
V09DA04,92.65546,5.0,1.0,0.0
V09DA05,93.33925,5.0,1.0,0.0
V09DB,94.961555,4.0,0.8,7.0
V09DB01,92.039406,5.0,1.0,0.0
V09DB02,93.92513,5.0,1.0,0.0
V09DB03,93.52537,5.0,1.0,0.0
V09DB04,93.96966,5.0,1.0,0.0
V09DB05,92.24767,5.0,1.0,0.0
V09DB06,93.431404,5.0,1.0,0.0
V09DB07,92.86521,5.0,1.0,0.0
V09DX,86.02472,4.0,0.8,1.0
V09DX01,86.87341,5.0,1.0,0.0
V09E,73.00834,3.0,0.6,11.0
V09EA,73.13189,4.0,0.8,3.0
V09EA01,72.41458,5.0,1.0,0.0
V09EA02,72.41619,5.0,1.0,0.0
V09EA03,71.75482,5.0,1.0,0.0
V09EB,71.002975,4.0,0.8,2.0
V09EB01,70.13656,5.0,1.0,0.0
V09EB02,71.91008,5.0,1.0,0.0
V09EX,70.809425,4.0,0.8,3.0
V09EX01,70.28272,5.0,1.0,0.0
V09EX02,70.22221,5.0,1.0,0.0
V09EX03,69.31549,5.0,1.0,0.0
V09F,73.52261,3.0,0.6,5.0
V09FX,73.67045,4.0,0.8,4.0
V09FX01,72.31933,5.0,1.0,0.0
V09FX02,71.69317,5.0,1.0,0.0
V09FX03,73.081825,5.0,1.0,0.0
V09FX04,71.99143,5.0,1.0,0.0
V09G,109.93238,3.0,0.6,17.0
V09GA,110.19879,4.0,0.8,7.0
V09GA01,108.42773,5.0,1.0,0.0
V09GA02,107.60176,5.0,1.0,0.0
V09GA03,108.192635,5.0,1.0,0.0
V09GA04,108.98347,5.0,1.0,0.0
V09GA05,109.693886,5.0,1.0,0.0
V09GA06,107.51453,5.0,1.0,0.0
V09GA07,106.31846,5.0,1.0,0.0
V09GB,97.52411,4.0,0.8,2.0
V09GB01,97.02503,5.0,1.0,0.0
V09GB02,97.390236,5.0,1.0,0.0
V09GX,107.06563,4.0,0.8,5.0
V09GX01,105.048775,5.0,1.0,0.0
V09GX02,107.01289,5.0,1.0,0.0
V09GX03,104.13699,5.0,1.0,0.0
V09GX04,104.109474,5.0,1.0,0.0
V09GX05,105.176414,5.0,1.0,0.0
V09H,80.49092,3.0,0.6,10.0
V09HA,80.74623,4.0,0.8,4.0
V09HA01,79.40384,5.0,1.0,0.0
V09HA02,79.05373,5.0,1.0,0.0
V09HA03,79.74478,5.0,1.0,0.0
V09HA04,80.38437,5.0,1.0,0.0
V09HB,79.40051,4.0,0.8,2.0
V09HB01,78.40962,5.0,1.0,0.0
V09HB02,77.40379,5.0,1.0,0.0
V09HX,74.3249,4.0,0.8,1.0
V09HX01,73.7166,5.0,1.0,0.0
V09I,86.9793,3.0,0.6,35.0
V09IA,80.62416,4.0,0.8,10.0
V09IA01,81.36765,5.0,1.0,0.0
V09IA02,78.65992,5.0,1.0,0.0
V09IA03,81.44842,5.0,1.0,0.0
V09IA04,79.26062,5.0,1.0,0.0
V09IA05,81.16035,5.0,1.0,0.0
V09IA06,74.613716,5.0,1.0,0.0
V09IA07,79.539764,5.0,1.0,0.0
V09IA08,78.42027,5.0,1.0,0.0
V09IA09,77.068665,5.0,1.0,0.0
V09IA10,78.67656,5.0,1.0,0.0
V09IB,80.65382,4.0,0.8,4.0
V09IB01,79.83554,5.0,1.0,0.0
V09IB02,78.84927,5.0,1.0,0.0
V09IB03,81.23943,5.0,1.0,0.0
V09IB04,78.4662,5.0,1.0,0.0
V09IX,88.665504,4.0,0.8,18.0
V09IX01,87.31389,5.0,1.0,0.0
V09IX02,87.96603,5.0,1.0,0.0
V09IX03,86.20667,5.0,1.0,0.0
V09IX04,86.1686,5.0,1.0,0.0
V09IX05,85.04905,5.0,1.0,0.0
V09IX06,88.82688,5.0,1.0,0.0
V09IX07,87.27056,5.0,1.0,0.0
V09IX08,86.959816,5.0,1.0,0.0
V09IX09,86.48134,5.0,1.0,0.0
V09IX10,90.02412,5.0,1.0,0.0
V09IX11,85.39283,5.0,1.0,0.0
V09IX12,87.67348,5.0,1.0,0.0
V09IX13,86.412796,5.0,1.0,0.0
V09IX14,91.04278,5.0,1.0,0.0
V09IX15,85.09914,5.0,1.0,0.0
V09IX16,87.58912,5.0,1.0,0.0
V09IX17,88.589424,5.0,1.0,0.0
V09IX18,88.741585,5.0,1.0,0.0
V09X,78.443436,3.0,0.6,9.0
V09XA,77.31749,4.0,0.8,3.0
V09XA01,76.21439,5.0,1.0,0.0
V09XA02,76.85328,5.0,1.0,0.0
V09XA03,76.215256,5.0,1.0,0.0
V09XX,77.746376,4.0,0.8,4.0
V09XX01,77.59735,5.0,1.0,0.0
V09XX02,76.35824,5.0,1.0,0.0
V09XX03,77.816635,5.0,1.0,0.0
V09XX04,75.91897,5.0,1.0,0.0
V10,49.689068,2.0,0.4,30.0
V10A,49.10202,3.0,0.6,11.0
V10AA,44.547523,4.0,0.8,3.0
V10AA01,44.673744,5.0,1.0,0.0
V10AA02,44.272446,5.0,1.0,0.0
V10AA03,43.921112,5.0,1.0,0.0
V10AX,49.474075,4.0,0.8,6.0
V10AX01,50.384575,5.0,1.0,0.0
V10AX02,48.974342,5.0,1.0,0.0
V10AX03,48.424892,5.0,1.0,0.0
V10AX04,49.119648,5.0,1.0,0.0
V10AX05,48.747463,5.0,1.0,0.0
V10AX06,48.367138,5.0,1.0,0.0
V10B,48.25551,3.0,0.6,4.0
V10BX,48.191536,4.0,0.8,3.0
V10BX01,48.287827,5.0,1.0,0.0
V10BX02,47.958157,5.0,1.0,0.0
V10BX03,47.875965,5.0,1.0,0.0
V10X,53.369797,3.0,0.6,12.0
V10XA,51.280735,4.0,0.8,5.0
V10XA01,50.689503,5.0,1.0,0.0
V10XA02,51.411106,5.0,1.0,0.0
V10XA03,50.316074,5.0,1.0,0.0
V10XA04,50.523815,5.0,1.0,0.0
V10XA53,51.7004,5.0,1.0,0.0
V10XX,53.53598,4.0,0.8,5.0
V10XX01,53.28704,5.0,1.0,0.0
V10XX02,52.6876,5.0,1.0,0.0
V10XX03,53.051216,5.0,1.0,0.0
V10XX04,53.44298,5.0,1.0,0.0
V10XX05,53.016888,5.0,1.0,0.0
V20,42.699234,2.0,1.0,0.0
